rank,team,conf,record,adjoe,oe Rank,adjde,de Rank,barthag,rank,proj. W,Proj. L,Pro Con W,Pro Con L,Con Rec.,sos,ncsos,consos,Proj. SOS,Proj. Noncon SOS,Proj. Con SOS,elite SOS,elite noncon SOS,Opp OE,Opp DE,Opp Proj. OE,Opp Proj DE,Con Adj OE,Con Adj DE,Qual O,Qual D,Qual Barthag,Qual Games,FUN,ConPF,ConPA,ConPoss,ConOE,ConDE,ConSOSRemain,Conf Win%,WAB,WAB Rk,Fun Rk,adjt
1,Duke,ACC,0-0,120.80138440659925,3,91.01431727802651,1,0.9628883156376709,1,25.8122463198044,6.1877536801956,14.328875714184978,3.671124285815023,0-0,0,0,0,0.7272758719476252,0.6160125382482194,0.8138140203804962,0.6447296863330243,0.6831594712048773,0,0,112.47276384265422,100.56853399530587,0.0,0.0,0.0,0.0,0.0,0.0,0,0.0,0.0,0.0,0,0,0.8138140203804962,0,0,0,204,69.28084666352417
2,Arizona,B12,0-0,119.03032149160018,11,91.79660766784403,2,0.9520168842429119,2,22.99587963806455,7.004120361935444,13.100586344763892,4.89941365523611,0-0,0,0,0,0.7383053507496224,0.573478727672717,0.8481897661342258,0.636300416611706,0.7301557464898778,0,0,113.0696871595772,100.79287863485607,0.0,0.0,0.0,0.0,0.0,0.0,0,0.0,0.0,0.0,0,0,0.8481897661342258,0,0,0,48,73.13101542171259
3,Virginia,ACC,0-0,121.23307018026046,2,93.83412320620684,8,0.9500808615848243,3,24.283624190018344,6.716375809981653,13.20946939897192,4.790530601028076,0-0,0,0,0,0.702986260962559,0.5386146753908364,0.8216990727643585,0.6668765385437393,0.7658060548701707,0,0,111.79061680821536,101.32746284305357,0.0,0.0,0.0,0.0,0.0,0.0,0,0.0,0.0,0.0,0,0,0.8216990727643585,0,0,0,205,70.38041089304694
4,Florida,SEC,0-0,120.77842510610586,4,93.5276245475244,6,0.9498154032467468,4,23.18589128325471,6.814108716745294,12.809449000656146,5.1905509993438566,0-0,0,0,0,0.7408641993083424,0.55481484488138,0.8648971022596508,0.6483025975788469,0.782147149765202,0,0,113.04518302415057,100.784895081146,0.0,0.0,0.0,0.0,0.0,0.0,0,0.0,0.0,0.0,0,0,0.8648971022596508,0,0,0,278,73.2750079914119
5,Houston,B12,0-0,119.07202402745901,10,92.9279059959926,3,0.9453653157397456,5,23.317550957560854,6.682449042439146,12.64498661580844,5.355013384191561,0-0,0,0,0,0.7372333197066812,0.5647832958280486,0.8522000022924361,0.6706770165396782,0.8224643760198166,0,0,112.46691973266952,100.63660990018273,0.0,0.0,0.0,0.0,0.0,0.0,0,0.0,0.0,0.0,0,0,0.8522000022924361,0,0,0,8,67.03478000672179
6,Illinois,B10,0-0,123.11876607146183,1,96.44695105569718,17,0.9430957568200026,6,23.5585609135228,8.441439086477198,14.0443610811048,5.9556389188952,0-0,0,0,0,0.7519043043620656,0.5860798022102348,0.851399005653164,0.6311586077638149,0.724712650572462,0,0,112.86304288422576,100.00015174736104,0.0,0.0,0.0,0.0,0.0,0.0,0,0.0,0.0,0.0,0,0,0.851399005653164,0,0,0,224,68.98360845997024
7,St. John's,BE,0-0,119.25710818961994,9,93.67002937868628,7,0.9414361947323637,7,23.240051924311114,6.759948075688884,14.569152717046023,5.430847282953975,0-0,0,0,0,0.7204696798680463,0.504592708091476,0.8284081657563315,0.6797906517894275,0.809162614791709,0,0,111.72081821559063,100.92412058808367,0.0,0.0,0.0,0.0,0.0,0.0,0,0.0,0.0,0.0,0,0,0.8284081657563315,0,0,0,254,72.60451466427496
8,Louisville,ACC,0-0,119.47781312119926,8,94.5418799567112,11,0.9365534908720116,8,21.528285662837288,7.471714337162715,12.75492544016246,5.2450745598375415,0-0,0,0,0,0.7292043462524431,0.5848428558626793,0.8174252570461878,0.6589112742743687,0.7323039666895579,0,0,112.6596156375945,101.13181978244612,0.0,0.0,0.0,0.0,0.0,0.0,0,0.0,0.0,0.0,0,0,0.8174252570461878,0,0,0,132,72.81330899814581
9,Gonzaga,P12,0-0,120.38376731069371,5,95.50379792557104,14,0.9347751129541643,9,23.031706091454847,5.968293908545149,13.319145350830961,2.6808546491690386,0-0,0,0,0,0.668160911369122,0.6423856814528516,0.6891032856760916,0.7254487249895991,0.6773096724299882,0,0,107.41374039622221,98.51925515971233,0.0,0.0,0.0,0.0,0.0,0.0,0,0.0,0.0,0.0,0,0,0.6891032856760916,0,0,0,295,71.94993506755748
10,Michigan St.,B10,0-0,118.94041587450019,12,94.41136872407307,10,0.9343831085407552,10,22.415969034835374,9.58403096516463,12.861816723882535,7.138183276117464,0-0,0,0,0,0.7532538504812557,0.5847516042943312,0.8543551981934103,0.6242994892087385,0.7470926557039492,0,0,113.60780815442058,100.06460106451915,0.0,0.0,0.0,0.0,0.0,0.0,0,0.0,0.0,0.0,0,0,0.8543551981934103,0,0,0,256,69.67063815114832
11,Kansas,B12,0-0,117.60582705329142,25,94.18172565615592,9,0.9278613791865061,11,21.239503615064205,8.760496384935799,11.718896293663073,6.281103706336926,0-0,0,0,0,0.7563873717955818,0.6284373411767701,0.8416873922081225,0.6471309374611455,0.7469204169386241,0,0,113.14036807761431,100.22539752891022,0.0,0.0,0.0,0.0,0.0,0.0,0,0.0,0.0,0.0,0,0,0.8416873922081225,0,0,0,251,71.04859132822118
12,Connecticut,BE,0-0,116.174736404248,38,93.11517902265251,4,0.9272010736558651,12,21.838410052425736,10.161589947574267,13.597565306512484,6.402434693487513,0-0,0,0,0,0.7359739724454253,0.5794777510964655,0.829871705254801,0.6214362099985277,0.6405155108224998,0,0,112.3455419041704,100.49886880949109,0.0,0.0,0.0,0.0,0.0,0.0,0,0.0,0.0,0.0,0,0,0.829871705254801,0,0,0,43,68.21246823423704
13,Michigan,B10,0-0,117.84434694399243,22,94.88483261931182,13,0.9235832556186104,13,20.10403970081864,9.895960299181361,12.46730502417578,7.532694975824222,0-0,0,0,0,0.7688973196638232,0.5961551907587715,0.8552683841163494,0.6157682626032993,0.7245320098539617,0,0,113.75785051080902,100.12348695877864,0.0,0.0,0.0,0.0,0.0,0.0,0,0.0,0.0,0.0,0,0,0.8552683841163494,0,0,0,198,72.68161845633169
14,Texas Tech,B12,0-0,120.31296986251871,6,96.94859933345245,22,0.9229434358960215,14,20.178964129908763,8.821035870091244,11.334599031194411,6.665400968805586,0-0,0,0,0,0.7058764948427272,0.4585190566048643,0.8570393737658659,0.6474316988913287,0.7765269485506272,0,0,111.57940935869868,100.90645372981913,0.0,0.0,0.0,0.0,0.0,0.0,0,0.0,0.0,0.0,0,0,0.8570393737658659,0,0,0,324,69.69896604112621
15,Nebraska,B10,0-0,117.47584234292611,27,94.82312297621652,12,0.9215447803895466,15,22.914251942713765,9.08574805728624,12.530750947844966,7.469249052155033,0-0,0,0,0,0.6892038215492772,0.4256562185028781,0.8473323833771167,0.6719378971978675,0.8401494979360804,0,0,111.33592928651841,101.81269326111354,0.0,0.0,0.0,0.0,0.0,0.0,0,0.0,0.0,0.0,0,0,0.8473323833771167,0,0,0,75,70.00953738025194
16,Tennessee,SEC,0-0,119.97207654041372,7,96.97741729883313,23,0.920340332305202,16,20.72784935092596,9.27215064907404,10.769246903136962,7.23075309686304,0-0,0,0,0,0.7226461292687072,0.4962116452432194,0.8736024519523657,0.6469728474313282,0.8038110543135586,0,0,112.5567550699402,101.02102005017501,0.0,0.0,0.0,0.0,0.0,0.0,0,0.0,0.0,0.0,0,0,0.8736024519523657,0,0,0,104,69.0412222004695
17,Ohio St.,B10,0-0,118.59963147157453,14,96.58147693713957,19,0.9138608004168323,17,21.63309821389999,10.3669017861,12.046230115322498,7.953769884677501,0-0,0,0,0,0.7119513767470331,0.49274918396330464,0.8434726924172704,0.6487086671951768,0.7812149258300032,0,0,112.06670679132054,101.08162632686994,0.0,0.0,0.0,0.0,0.0,0.0,0,0.0,0.0,0.0,0,0,0.8434726924172704,0,0,0,301,70.88750750219049
18,Miami FL,ACC,0-0,118.30802902083462,18,96.56276048510892,18,0.9117854223565058,18,21.782193737261853,8.217806262738142,11.67445552836368,6.325544471636318,0-0,0,0,0,0.6430278456518407,0.3837677209455144,0.8158679287893911,0.7052795069822394,0.8304678505431075,0,0,110.08758383555801,103.06520055229122,0.0,0.0,0.0,0.0,0.0,0.0,0,0.0,0.0,0.0,0,0,0.8158679287893911,0,0,0,146,71.47671355275189
19,Iowa St.,B12,0-0,114.19576438365502,55,93.26471559569194,5,0.9112045551745369,19,21.330060195863723,8.669939804136279,10.796824761277993,7.203175238722008,0-0,0,0,0,0.6656107236223272,0.3913983209220154,0.8484189920892016,0.6903364771574364,0.8669872166130652,0,0,110.52888727040109,102.22889789845802,0.0,0.0,0.0,0.0,0.0,0.0,0,0.0,0.0,0.0,0,0,0.8484189920892016,0,0,0,330,70.68568204955817
20,Alabama,SEC,0-0,118.71681126130377,13,97.06482343517493,25,0.9101658496133154,20,19.019642461619398,10.980357538380595,10.354405146837689,7.6455948531623115,0-0,0,0,0,0.7846596989994055,0.656475085674064,0.8701161078829661,0.6114058466992598,0.7049648543403744,0,0,114.28322576003372,99.74592624246583,0.0,0.0,0.0,0.0,0.0,0.0,0,0.0,0.0,0.0,0,0,0.8701161078829661,0,0,0,195,75.66151205278814
21,Arkansas,SEC,0-0,116.72995045252569,33,95.84229874628795,15,0.906134842203347,21,20.888375035383394,11.1116249646166,10.066646669987591,7.933353330012408,0-0,0,0,0,0.7093879853815779,0.5013526020393467,0.8711932835366462,0.6409780385965109,0.7657946890550514,0,0,112.11578143010031,101.03182929009962,0.0,0.0,0.0,0.0,0.0,0.0,0,0.0,0.0,0.0,0,0,0.8711932835366462,0,0,0,240,72.56836446594835
22,Purdue,B10,0-0,117.6100556811435,24,96.59214339195782,20,0.9058587458763754,22,20.59541584766258,11.404584152337417,11.53141602073633,8.468583979263672,0-0,0,0,0,0.7737947341602301,0.6330662442500445,0.8582318281063415,0.6311685722346195,0.7461520927942734,0,0,113.81736523674071,99.8931750526949,0.0,0.0,0.0,0.0,0.0,0.0,0,0.0,0.0,0.0,0,0,0.8582318281063415,0,0,0,206,68.04955535625567
23,UCLA,B10,0-0,118.56333460885895,15,97.58905915378253,29,0.9036836994133732,23,19.51567292071502,10.484327079284977,11.481965915900332,8.51803408409967,0-0,0,0,0,0.7332065164160274,0.4971341903187039,0.851242679464689,0.6432888167162275,0.7992336641706926,0,0,112.81420290653227,100.70129262777638,0.0,0.0,0.0,0.0,0.0,0.0,0,0.0,0.0,0.0,0,0,0.851242679464689,0,0,0,201,68.48689875825067
24,Vanderbilt,SEC,0-0,116.25456509802558,36,96.00588131422032,16,0.9003202414310746,24,21.611411215738006,10.388588784261996,9.697107093952523,8.302892906047477,0-0,0,0,0,0.6765093096893802,0.424319838000575,0.872656676558451,0.6748160042178953,0.8507243476415975,0,0,111.49720631174677,102.41788169952272,0.0,0.0,0.0,0.0,0.0,0.0,0,0.0,0.0,0.0,0,0,0.872656676558451,0,0,0,30,72.34865151943872
25,Kentucky,SEC,0-0,117.43493153051193,28,97.02878538383166,24,0.8998070227392551,25,20.649180143584605,11.35081985641539,9.728727355589209,8.271272644410793,0-0,0,0,0,0.7008544321637303,0.4805072753402661,0.8722355541375354,0.6456789391124329,0.780268519480215,0,0,112.08849254162187,101.50499002316684,0.0,0.0,0.0,0.0,0.0,0.0,0,0.0,0.0,0.0,0,0,0.8722355541375354,0,0,0,162,71.83857408321407
26,Texas,SEC,0-0,118.17022072040606,20,97.89639705128974,31,0.8970149272164264,26,20.351637702112605,10.648362297887395,9.543955338650967,8.456044661349031,0-0,0,0,0,0.6793361649014148,0.4035771122300536,0.8784954807196202,0.6620286489144515,0.834082358690474,0,0,111.40686139981037,102.01683823412101,0.0,0.0,0.0,0.0,0.0,0.0,0,0.0,0.0,0.0,0,0,0.8784954807196202,0,0,0,166,71.64702660910564
27,Villanova,BE,0-0,118.3523188627774,17,98.55112136584606,44,0.8914405638616698,27,20.019262437349834,10.980737562650166,11.614329400182786,8.385670599817214,0-0,0,0,0,0.7213104494104893,0.5172787947315141,0.8335278594839256,0.6622744639446457,0.7754981117878041,0,0,111.5896864362343,101.1313365749717,0.0,0.0,0.0,0.0,0.0,0.0,0,0.0,0.0,0.0,0,0,0.8335278594839256,0,0,0,16,70.56553818620533
28,Marquette,BE,0-0,116.54735823694858,34,97.28979020267317,26,0.8886417738212495,28,20.531311461444382,11.468688538555622,11.480198496360478,8.51980150363952,0-0,0,0,0,0.7178835068323142,0.5246679679878535,0.8338128301389904,0.6626651011255301,0.7681932888124768,0,0,111.96084531102869,101.1068952632119,0.0,0.0,0.0,0.0,0.0,0.0,0,0.0,0.0,0.0,0,0,0.8338128301389904,0,0,0,10,72.45156476386947
29,Indiana,B10,0-0,117.49617736490603,26,98.31905645218737,40,0.8858628364223238,29,20.433370532885732,11.56662946711427,10.685255252143362,9.314744747856642,0-0,0,0,0,0.7166209739409001,0.4799417232684391,0.8586285243443765,0.6656404662556551,0.828462218339471,0,0,112.35863122377525,101.62353082393925,0.0,0.0,0.0,0.0,0.0,0.0,0,0.0,0.0,0.0,0,0,0.8586285243443765,0,0,0,213,70.63484387403021
30,USC,B10,0-0,114.94651651750078,49,96.71498340426152,21,0.8793229216085173,30,19.652506627961536,12.347493372038459,10.286373876725166,9.713626123274834,0-0,0,0,0,0.7388242557599083,0.547324910424313,0.8537238629612653,0.6526713266397427,0.8078852951208296,0,0,113.01344150402215,101.07346521704855,0.0,0.0,0.0,0.0,0.0,0.0,0,0.0,0.0,0.0,0,0,0.8537238629612653,0,0,0,164,72.86550435372068
31,Georgia,SEC,0-0,118.36069508947367,16,99.60784892627211,66,0.8790751322364808,31,19.89527239832942,12.104727601670588,8.844028413804955,9.155971586195045,0-0,0,0,0,0.6896611508364585,0.4556206790152868,0.8716926289195919,0.6572771963566542,0.8106874170766054,0,0,111.91502788561873,101.90360788884416,0.0,0.0,0.0,0.0,0.0,0.0,0,0.0,0.0,0.0,0,0,0.8716926289195919,0,0,0,113,75.1016266518567
32,Oregon,B10,0-0,116.83638042082396,32,98.67647389153237,47,0.8746453213010214,32,18.217502873703637,11.782497126296358,10.140844330993264,9.859155669006737,0-0,0,0,0,0.7204264844263132,0.44712765907491075,0.8570758971020143,0.6517446429893093,0.8299775721625876,0,0,112.36109627217053,101.08827505334689,0.0,0.0,0.0,0.0,0.0,0.0,0,0.0,0.0,0.0,0,0,0.8570758971020143,0,0,0,42,69.52022584783064
33,Oklahoma,SEC,0-0,117.95682358492127,21,99.65425340745571,68,0.8742463266796667,33,19.95132147579643,12.048678524203561,8.707786328102335,9.292213671897667,0-0,0,0,0,0.6910650801677468,0.4581784743055346,0.8721991069494676,0.6676202757228691,0.8311716579329153,0,0,111.61445983351585,102.02794307261405,0.0,0.0,0.0,0.0,0.0,0.0,0,0.0,0.0,0.0,0,0,0.8721991069494676,0,0,0,110,69.97262504785768
34,Auburn,SEC,0-0,117.02024594611757,30,98.94223733769155,52,0.8732298882518905,34,18.229078337027232,11.770921662972771,8.691836521487563,9.308163478512437,0-0,0,0,0,0.7094385818200426,0.46487251527307766,0.8724826261846862,0.6547359401618167,0.8225725401528096,0,0,112.08912620329487,101.24269722664204,0.0,0.0,0.0,0.0,0.0,0.0,0,0.0,0.0,0.0,0,0,0.8724826261846862,0,0,0,15,71.31820163940914
35,Clemson,ACC,0-0,115.86939450374163,40,98.04856406567905,36,0.8721951280704997,35,19.478417069824204,10.521582930175802,10.24061319517811,7.759386804821892,0-0,0,0,0,0.6874627952942635,0.5202098243394925,0.798964775930778,0.6955920788676629,0.8044607318383151,0,0,111.22718146896068,102.05653322335995,0.0,0.0,0.0,0.0,0.0,0.0,0,0.0,0.0,0.0,0,0,0.798964775930778,0,0,0,95,67.82628270371241
36,Virginia Tech,ACC,0-0,116.30034003319898,35,98.4246817184152,42,0.872045890855697,36,21.61832191856839,10.381678081431609,10.40424355936077,7.5957564406392315,0-0,0,0,0,0.6662265269455547,0.47682624512821864,0.8135378572479274,0.7235049721679319,0.8329164169129761,0,0,110.19604255879692,102.66381146223137,0.0,0.0,0.0,0.0,0.0,0.0,0,0.0,0.0,0.0,0,0,0.8135378572479274,0,0,0,83,70.64556850657434
37,Maryland,B10,0-0,117.2274657491323,29,99.22157271790138,58,0.8718871548267705,37,17.724296541010023,12.275703458989982,9.910495935551824,10.089504064448178,0-0,0,0,0,0.7183527058206649,0.43984913122093483,0.8576044931205301,0.6410237262393913,0.8110204543504671,0,0,112.19088455616325,101.16211862728133,0.0,0.0,0.0,0.0,0.0,0.0,0,0.0,0.0,0.0,0,0,0.8576044931205301,0,0,0,161,70.14099580547139
38,N.C. State,ACC,0-0,118.26544060148856,19,100.17073696841774,76,0.8709784951897612,38,20.87337494926397,10.126625050736033,10.773065496892016,8.226934503107984,0-0,0,0,0,0.6702539035997294,0.45650530992125,0.8052530153966637,0.7177946851534226,0.8685513353798111,0,0,110.74496314700689,102.19825601117347,0.0,0.0,0.0,0.0,0.0,0.0,0,0.0,0.0,0.0,0,0,0.8052530153966637,0,0,0,138,71.81999173656351
39,Cincinnati,B12,0-0,115.75827157832916,41,98.15120618224347,37,0.8696017166669158,39,20.527767884107277,11.472232115892728,9.144302073412812,8.855697926587187,0-0,0,0,0,0.698904616152505,0.5030187611862385,0.8512602811262677,0.6936299212660635,0.846222406694368,0,0,111.45842162251948,101.52903809117939,0.0,0.0,0.0,0.0,0.0,0.0,0,0.0,0.0,0.0,0,0,0.8512602811262677,0,0,0,233,71.28112418243103
40,BYU,B12,0-0,115.65071948396064,42,98.24057618177889,39,0.8671839143769373,40,18.554301737136562,11.445698262863443,8.962132959607326,9.037867040392674,0-0,0,0,0,0.7202666004282484,0.5263989203717988,0.8495117204658814,0.673435581034706,0.8369160608807704,0,0,111.91015597819467,100.71528705393852,0.0,0.0,0.0,0.0,0.0,0.0,0,0.0,0.0,0.0,0,0,0.8495117204658814,0,0,0,93,72.02820426599442
41,Creighton,BE,0-0,117.81132420962092,23,100.4574986650832,78,0.8620617841099782,41,17.465230115451057,12.534769884548941,10.320829177893406,9.679170822106594,0-0,0,0,0,0.7412213975149923,0.550641864751114,0.8365111638969316,0.6505850922233678,0.7641164342612317,0,0,112.39226073368236,100.40366609708327,0.0,0.0,0.0,0.0,0.0,0.0,0,0.0,0.0,0.0,0,0,0.8365111638969316,0,0,0,32,71.43663384373569
42,Missouri,SEC,0-0,114.93215839307277,50,98.01636865988402,34,0.8618673190482956,42,18.03339924345696,13.966600756543038,8.114507925788093,9.885492074211905,0-0,0,0,0,0.7172284948102349,0.5129693918778939,0.8760966859798329,0.6275184882211853,0.7521795798936844,0,0,112.67889081990018,101.25881782099916,0.0,0.0,0.0,0.0,0.0,0.0,0,0.0,0.0,0.0,0,0,0.8760966859798329,0,0,0,86,69.90930454976997
43,LSU,SEC,0-0,115.58305607846125,43,98.64687528886986,46,0.8608170051336026,43,18.971304610437052,13.028695389562948,8.153319934562223,9.84668006543778,0-0,0,0,0,0.7181261626283449,0.515979057828501,0.8753516885837791,0.6586457353555416,0.8141254526838506,0,0,112.2844119848809,100.9551528509383,0.0,0.0,0.0,0.0,0.0,0.0,0,0.0,0.0,0.0,0,0,0.8753516885837791,0,0,0,230,71.43913097698933
44,North Carolina,ACC,0-0,114.24610003469073,54,97.59224691730793,30,0.8595917926668047,44,18.91585537510448,13.084144624895522,9.534361040939288,9.465638959060712,0-0,0,0,0,0.7315304829621619,0.5864234967435545,0.830814210374893,0.6609050529568392,0.7751564377050498,0,0,112.68240084661832,100.88706574944229,0.0,0.0,0.0,0.0,0.0,0.0,0,0.0,0.0,0.0,0,0,0.830814210374893,0,0,0,167,71.48400106274522
45,Grand Canyon,MWC,0-0,113.96108319676102,58,97.5031997124089,28,0.8573773646895084,45,24.291919875631656,6.708080124368345,13.867582409073382,4.132417590926616,0-0,0,0,0,0.5193535913064296,0.4275771835242109,0.5856365524824766,0.8331663533875153,0.8402227865082869,0,0,103.833101867427,102.22117703503469,0.0,0.0,0.0,0.0,0.0,0.0,0,0.0,0.0,0.0,0,0,0.5856365524824766,0,0,0,306,71.38891669559864
46,Texas A&M,SEC,0-0,115.37970116879814,45,98.76377840476351,48,0.8567090816018735,46,19.279870899500835,12.720129100499173,8.032068678523961,9.96793132147604,0-0,0,0,0,0.6901674215784557,0.4481951192095996,0.8783681011986775,0.6737189869677351,0.8459748766303107,0,0,111.63467782985144,102.04336527729143,0.0,0.0,0.0,0.0,0.0,0.0,0,0.0,0.0,0.0,0,0,0.8783681011986775,0,0,0,99,73.59900170472636
47,Iowa,B10,0-0,115.05063527810788,47,98.50255940535541,43,0.8564156023182711,47,18.192264063305398,13.807735936694604,9.190325959690021,10.809674040309979,0-0,0,0,0,0.7214921009231935,0.4929838562294569,0.8585970477394357,0.6409043573822485,0.7990482476161791,0,0,112.58647740091267,100.9870532466927,0.0,0.0,0.0,0.0,0.0,0.0,0,0.0,0.0,0.0,0,0,0.8585970477394357,0,0,0,227,66.47803842031665
48,Baylor,B12,0-0,116.97853281868012,31,100.35916442776957,77,0.8534853537211078,48,17.869657152589358,12.13034284741064,8.580050298409935,9.419949701590065,0-0,0,0,0,0.6855853170370617,0.4402909014772151,0.8491149274102924,0.6686028939613509,0.8176786343011747,0,0,107.89798398077788,97.76773370657108,0.0,0.0,0.0,0.0,0.0,0.0,0,0.0,0.0,0.0,0,0,0.8491149274102924,0,0,0,356,71.13167953958056
49,Wisconsin,B10,0-0,114.13527573211499,57,98.0451548006441,35,0.8516367895469852,49,17.47330971301043,13.526690286989568,9.18669750646723,10.81330249353277,0-0,0,0,0,0.7355001151010803,0.5181229559654998,0.8550575526256494,0.6446527878081562,0.806179688111781,0,0,113.29203678279687,101.07233306305608,0.0,0.0,0.0,0.0,0.0,0.0,0,0.0,0.0,0.0,0,0,0.8550575526256494,0,0,0,173,72.05689854927164
50,UCF,B12,0-0,115.14473127760115,46,98.98605916862331,54,0.8505504348305472,50,18.815542700866867,13.184457299133138,8.374873909117003,9.625126090882997,0-0,0,0,0,0.7103047318594264,0.5292111915064046,0.8511552632451101,0.6656434860920811,0.7990808554092607,0,0,112.14319768883512,101.22668315268405,0.0,0.0,0.0,0.0,0.0,0.0,0,0.0,0.0,0.0,0,0,0.8511552632451101,0,0,0,52,72.4626541486809
51,TCU,B12,0-0,113.87883542340478,59,97.98701042310938,33,0.8492142170147619,51,18.422111846011422,11.577888153988576,8.57578247991065,9.424217520089352,0-0,0,0,0,0.6702222504509657,0.4056819758621398,0.8465824335101831,0.6906695338788006,0.8640906788983952,0,0,110.8933533039759,102.1728725752605,0.0,0.0,0.0,0.0,0.0,0.0,0,0.0,0.0,0.0,0,0,0.8465824335101831,0,0,0,98,70.92281843928176
52,SMU,ACC,0-0,114.87907770391905,51,99.1316324409332,56,0.8449411329278308,52,19.046851282253414,11.953148717746588,9.049917484142485,8.950082515857515,0-0,0,0,0,0.6844525574341264,0.5097017319047921,0.8106614869830902,0.6973564515991904,0.8316810663502163,0,0,111.2020097875108,101.92823017230174,0.0,0.0,0.0,0.0,0.0,0.0,0,0.0,0.0,0.0,0,0,0.8106614869830902,0,0,0,182,71.75173127572467
53,VCU,A10,0-0,114.16245783371551,56,98.59693634143866,45,0.843657382327286,53,21.63140262916725,7.368597370832747,12.784917298609116,5.215082701390884,0-0,0,0,0,0.558607266174887,0.4115009963143262,0.648505542200785,0.819542664644745,0.8593006004303128,0,0,107.07050903854916,105.24815587116747,0.0,0.0,0.0,0.0,0.0,0.0,0,0.0,0.0,0.0,0,0,0.648505542200785,0,0,0,81,74.03255354041224
54,Providence,BE,0-0,115.04898683672158,48,99.40010198924398,64,0.8430840057249663,54,17.281539948324056,12.71846005167594,9.59872103904022,10.401278960959779,0-0,0,0,0,0.7160988160289958,0.47143791586889516,0.8384292661090458,0.6696844737208549,0.8280867706746489,0,0,111.39156653368569,100.87635100247178,0.0,0.0,0.0,0.0,0.0,0.0,0,0.0,0.0,0.0,0,0,0.8384292661090458,0,0,0,57,72.50057331296546
55,Mississippi,SEC,0-0,113.49034921338807,61,98.8230493297311,50,0.8308199737017149,55,16.971852842313382,13.028147157686627,7.3523962517002674,10.647603748299732,0-0,0,0,0,0.6882108739649425,0.40981159501002745,0.8738103932682191,0.6684328914352803,0.8563513437387241,0,0,111.99785641693725,102.092650152909,0.0,0.0,0.0,0.0,0.0,0.0,0,0.0,0.0,0.0,0,0,0.8738103932682191,0,0,0,64,69.68196723578279
56,Oklahoma St.,B12,0-0,116.08606114707294,39,101.08618483125875,84,0.8307737719847323,56,18.13566417075087,13.864335829249123,7.890385557619439,10.10961444238056,0-0,0,0,0,0.7151417756439677,0.5406404970373411,0.8508649923380106,0.6749103526506879,0.8119267966450889,0,0,111.67314841008557,100.96267358542877,0.0,0.0,0.0,0.0,0.0,0.0,0,0.0,0.0,0.0,0,0,0.8508649923380106,0,0,0,14,73.58630252984156
57,Xavier,BE,0-0,116.18483531336454,37,101.38752867136475,89,0.8273084785378748,57,17.710176282537258,14.289823717462738,9.052385509768278,10.947614490231722,0-0,0,0,0,0.7176757949962338,0.5137710144414517,0.840018663329103,0.6656423993877068,0.7950217751708714,0,0,111.84074124444012,100.8812295586175,0.0,0.0,0.0,0.0,0.0,0.0,0,0.0,0.0,0.0,0,0,0.840018663329103,0,0,0,46,73.30181733021729
58,Syracuse,ACC,0-0,113.4871155863051,62,99.29029827213921,62,0.8230102207177014,58,19.1870858703457,12.812914129654303,8.694612876775306,9.305387123224694,0-0,0,0,0,0.6383411989917054,0.42446418168332556,0.8046899902315564,0.7038164519201013,0.8112943944903018,0,0,110.05120985426258,102.96533956849161,0.0,0.0,0.0,0.0,0.0,0.0,0,0.0,0.0,0.0,0,0,0.8046899902315564,0,0,0,196,71.16495781570691
59,San Diego St.,P12,0-0,112.25225043265067,75,98.3547705491782,41,0.820527663157379,59,18.63745892194882,9.362541078051176,9.751149821345116,6.248850178654885,0-0,0,0,0,0.6149320265686464,0.4966922071756447,0.7036118911133975,0.768283815774951,0.8158805660004294,0,0,105.69718227958846,99.30375196986779,0.0,0.0,0.0,0.0,0.0,0.0,0,0.0,0.0,0.0,0,0,0.7036118911133975,0,0,0,114,71.91684214516361
60,West Virginia,B12,0-0,112.72096188290371,71,98.78040514492992,49,0.8202711544075737,60,16.723251244401077,13.276748755598922,7.40629223563549,10.593707764364511,0-0,0,0,0,0.6888778496641773,0.4353035585964624,0.8579273770426542,0.6756938915120355,0.8514298874249819,0,0,111.13190086336232,101.78943229287076,0.0,0.0,0.0,0.0,0.0,0.0,0,0.0,0.0,0.0,0,0,0.8579273770426542,0,0,0,58,67.36505356315472
61,Utah St.,P12,0-0,113.63698926710885,60,99.71373913368677,69,0.8180385028322973,61,21.364949859933603,10.635050140066397,9.69045297609432,6.309547023905677,0-0,0,0,0,0.6013884179667552,0.49885232989792466,0.7039245060355861,0.7743949310875241,0.8166442476466348,0,0,105.48112364234922,100.02639843962334,0.0,0.0,0.0,0.0,0.0,0.0,0,0.0,0.0,0.0,0,0,0.7039245060355861,0,0,0,222,70.63363656446988
62,Mississippi St.,SEC,0-0,115.41837933703007,44,101.50061022820606,90,0.8142303986595233,62,16.049294160551447,14.950705839448553,6.928823448659161,11.071176551340839,0-0,0,0,0,0.7278137496206603,0.5293418745415797,0.8711545482888852,0.6487171341583022,0.7956817617175886,0,0,112.56785455487741,101.26297065523791,0.0,0.0,0.0,0.0,0.0,0.0,0,0.0,0.0,0.0,0,0,0.8711545482888852,0,0,0,246,72.72784540859301
63,Arizona St.,B12,0-0,112.58898441415423,72,99.19612721460473,57,0.8109839673119684,63,18.254196061769797,13.74580393823021,7.244577619326914,10.755422380673087,0-0,0,0,0,0.6845217686994115,0.4660567643764737,0.8544389942839183,0.694242474363281,0.8659239396317869,0,0,110.98122736557974,101.38629159542286,0.0,0.0,0.0,0.0,0.0,0.0,0,0.0,0.0,0.0,0,0,0.8544389942839183,0,0,0,335,68.94941851334778
64,DePaul,BE,0-0,111.1328766979131,91,97.91419946392617,32,0.8109664883481263,64,17.34154218195713,14.65845781804287,8.530297381362244,11.469702618637754,0-0,0,0,0,0.7023440160295538,0.47014978933376866,0.8416605520470245,0.6748609110353366,0.8234607731988146,0,0,111.3892081471762,101.71497099803435,0.0,0.0,0.0,0.0,0.0,0.0,0,0.0,0.0,0.0,0,0,0.8416605520470245,0,0,0,348,70.74142973767184
65,Saint Mary's,WCC,0-0,110.43482814512836,97,97.31283200006729,27,0.8107190259770026,65,23.277186166604196,7.7228138333958025,12.224695319602622,3.7753046803973773,0-0,0,0,0,0.5418009695343968,0.5451590068244475,0.5386528095749743,0.8492492971476686,0.8311992472756223,0,0,103.96950038250287,101.30990837814365,0.0,0.0,0.0,0.0,0.0,0.0,0,0.0,0.0,0.0,0,0,0.5386528095749743,0,0,0,280,70.59939854937096
66,New Mexico,MWC,0-0,112.17142716004619,78,98.9536642286703,53,0.8087380136365253,66,22.682116722029182,8.31788327797082,12.64394843093176,5.356051569068237,0-0,0,0,0,0.532154337726453,0.45056536082642157,0.5910797099320316,0.8365008040706124,0.8597924034062402,0,0,103.39902355244108,101.70181095697582,0.0,0.0,0.0,0.0,0.0,0.0,0,0.0,0.0,0.0,0,0,0.5910797099320316,0,0,0,245,71.79519264636055
67,Washington,B10,0-0,113.20514089483731,66,100.04128871935669,73,0.8055912841951343,67,14.62330407147287,14.376695928527132,7.645857492967843,12.354142507032158,0-0,0,0,0,0.7195464548194854,0.39844962877150714,0.8640400265410756,0.6448442880141436,0.8526754022559717,0,0,112.13969821574138,101.14384216484157,0.0,0.0,0.0,0.0,0.0,0.0,0,0.0,0.0,0.0,0,0,0.8640400265410756,0,0,0,140,71.2104015618864
68,High Point,BSth,0-0,114.7709730657649,52,101.57564877702694,93,0.8029048984426874,68,27.77023961221987,4.229760387780137,14.511648722086784,1.4883512779132182,0-0,0,0,0,0.305248089195112,0.34706298087666876,0.26343319751355515,0.9238488779360319,0.8931887452856289,0,0,95.36904645455455,102.8879326993977,0.0,0.0,0.0,0.0,0.0,0.0,0,0.0,0.0,0.0,0,0,0.26343319751355515,0,0,0,106,72.09427437277955
69,Saint Louis,A10,0-0,114.29614544215517,53,101.20893030684925,85,0.8019405555340279,69,21.684145870100803,9.315854129899199,11.955198549296128,6.044801450703874,0-0,0,0,0,0.5650590851790216,0.4649176307360016,0.6373834689434247,0.8180159264486869,0.8426741390871785,0,0,103.74329427863861,100.39933444601213,0.0,0.0,0.0,0.0,0.0,0.0,0,0.0,0.0,0.0,0,0,0.6373834689434247,0,0,0,125,72.83840408282258
70,Wichita St.,Amer,0-0,112.8924276913595,68,100.1058587021389,74,0.7993733878369488,70,23.122291357312818,8.877708642687187,12.437820414161497,5.562179585838504,0-0,0,0,0,0.5372341606893497,0.4531647836584504,0.6026214539356046,0.8352962633301049,0.850863235550952,0,0,101.20453912820565,98.21520133190724,0.0,0.0,0.0,0.0,0.0,0.0,0,0.0,0.0,0.0,0,0,0.6026214539356046,0,0,0,20,70.23404091170146
71,Florida St.,ACC,0-0,111.79465196357165,81,99.24520010764647,61,0.7972681531965042,71,17.707283605928186,14.292716394071816,7.7415080232546964,10.258491976745304,0-0,0,0,0,0.6822145157022501,0.5004364717202633,0.823597438799351,0.6869820500025454,0.7995967173145129,0,0,111.13684188344448,101.45239211905756,0.0,0.0,0.0,0.0,0.0,0.0,0,0.0,0.0,0.0,0,0,0.823597438799351,0,0,0,53,72.30005411083727
72,South Carolina,SEC,0-0,112.21826875732793,76,99.81719366373278,70,0.7935914889775574,72,16.749209202374146,15.250790797625857,6.205694988560366,11.794305011439636,0-0,0,0,0,0.6793187778726492,0.42363418147551163,0.8781845750704227,0.6645587551158774,0.8400625618411556,0,0,111.55857071893402,102.07850786836845,0.0,0.0,0.0,0.0,0.0,0.0,0,0.0,0.0,0.0,0,0,0.8781845750704227,0,0,0,91,69.85097142633491
73,Dayton,A10,0-0,110.36164748472146,98,98.239318729639,38,0.7921766057042606,73,22.121374624022575,9.878625375977421,11.59304631046076,6.406953689539243,0-0,0,0,0,0.5762746919557075,0.48665980678303866,0.6459751582011163,0.822961358524379,0.859191152144723,0,0,107.89104695164966,104.72044592458536,0.0,0.0,0.0,0.0,0.0,0.0,0,0.0,0.0,0.0,0,0,0.6459751582011163,0,0,0,51,70.12661055995353
74,Rutgers,B10,0-0,113.41412061504786,64,101.0023921290668,82,0.7913149014690989,74,15.623979258418219,14.376020741581781,7.543734311176291,12.45626568882371,0-0,0,0,0,0.6831164411818063,0.3435088136054772,0.8529202549699709,0.6651037269917391,0.8733816521340737,0,0,111.26244287585868,101.86394400074113,0.0,0.0,0.0,0.0,0.0,0.0,0,0.0,0.0,0.0,0,0,0.8529202549699709,0,0,0,170,70.37615912470487
75,Seton Hall,BE,0-0,110.56355981742607,96,99.0720235658321,55,0.7793787681971704,75,15.454760645080576,15.545239354919426,7.626493177610243,12.373506822389757,0-0,0,0,0,0.7134285587775466,0.47453160716149334,0.844821882166376,0.6655296048827183,0.8177620902974415,0,0,111.90407192486684,101.195967409616,0.0,0.0,0.0,0.0,0.0,0.0,0,0.0,0.0,0.0,0,0,0.844821882166376,0,0,0,279,68.7872718050638
76,Northwestern,B10,0-0,112.37341484533275,74,101.01584991477048,83,0.7729991965576568,76,15.60431874110124,16.395681258898765,6.858300097889857,13.141699902110144,0-0,0,0,0,0.7141413355741001,0.46717975537718115,0.8623182836922509,0.6605284574558123,0.8442861438037734,0,0,112.42185557710641,101.50635399800044,0.0,0.0,0.0,0.0,0.0,0.0,0,0.0,0.0,0.0,0,0,0.8623182836922509,0,0,0,66,68.80226918384479
77,Pittsburgh,ACC,0-0,112.73974532371602,70,101.52529674635363,92,0.7693955520629678,77,16.24652635116737,15.75347364883263,6.932125975982776,11.067874024017224,0-0,0,0,0,0.7019226514526943,0.539135548028034,0.8285348430052082,0.6816386118389105,0.8041470906605725,0,0,111.71529207098587,101.64176468152172,0.0,0.0,0.0,0.0,0.0,0.0,0,0.0,0.0,0.0,0,0,0.8285348430052082,0,0,0,232,67.46338557806898
78,Utah,B12,0-0,112.03379879626988,80,100.91041703505888,81,0.768973756804103,78,17.907085427673145,14.092914572326853,6.569731830418727,11.430268169581272,0-0,0,0,0,0.6647303428772751,0.4294542842685037,0.8477228329063197,0.7201025792639463,0.9091887256809825,0,0,110.4057930676475,101.98327254627179,0.0,0.0,0.0,0.0,0.0,0.0,0,0.0,0.0,0.0,0,0,0.8477228329063197,0,0,0,209,70.98837377025855
79,Wake Forest,ACC,0-0,110.14096179456371,102,99.2275384743719,60,0.7685198916369137,79,17.02129245934996,13.978707540650037,7.476857881219518,10.523142118780486,0-0,0,0,0,0.6524081900004536,0.43586504780867974,0.8088004593611792,0.7095906848383169,0.8349515412955556,0,0,110.19902283632344,102.72067711751016,0.0,0.0,0.0,0.0,0.0,0.0,0,0.0,0.0,0.0,0,0,0.8088004593611792,0,0,0,78,71.64843456022834
80,Minnesota,B10,0-0,110.1150510797224,103,99.48990658105478,65,0.7625841676382324,80,15.314691011236267,16.685308988763733,6.719147625662958,13.28085237433704,0-0,0,0,0,0.7054663133845883,0.45110434639767744,0.8580834935767347,0.6583635377575588,0.8360073851362491,0,0,111.8726785290157,101.61493620481103,0.0,0.0,0.0,0.0,0.0,0.0,0,0.0,0.0,0.0,0,0,0.8580834935767347,0,0,0,305,69.59346157367237
81,Tulsa,Amer,0-0,112.12669312923663,79,101.35646877128019,88,0.7615753560533696,81,22.83121002088311,9.168789979116891,11.83933918973785,6.160660810262152,0-0,0,0,0,0.5079608819884702,0.4005094521820505,0.591534216282352,0.8577719859378292,0.8947480381120636,0,0,100.76066865866254,99.16588452002692,0.0,0.0,0.0,0.0,0.0,0.0,0,0.0,0.0,0.0,0,0,0.591534216282352,0,0,0,325,71.34235881562297
82,Georgetown,BE,0-0,109.73582358352346,109,99.22647799615993,59,0.7609175006772286,82,15.346568070927518,15.653431929072482,7.152097345345707,12.847902654654293,0-0,0,0,0,0.685210020145245,0.39165993997893067,0.8466625642367177,0.6734938258661833,0.8438281540452806,0,0,111.01343380570601,102.03195148052045,0.0,0.0,0.0,0.0,0.0,0.0,0,0.0,0.0,0.0,0,0,0.8466625642367177,0,0,0,187,69.76432189633992
83,Kansas St.,B12,0-0,112.81308051168642,69,102.32843046608582,101,0.7543158838065339,83,14.533229631835612,15.46677036816439,5.795320885496727,12.204679114503275,0-0,0,0,0,0.7017606802188612,0.46121918593490047,0.8621216764081682,0.6706718575577543,0.8452340117481403,0,0,111.71433250024224,101.26873711355638,0.0,0.0,0.0,0.0,0.0,0.0,0,0.0,0.0,0.0,0,0,0.8621216764081682,0,0,0,172,74.62565979214551
84,Notre Dame,ACC,0-0,112.48175466357279,73,102.06048136987565,98,0.7536347250503187,84,15.862376914117828,14.137623085882174,7.568487413889452,10.43151258611055,0-0,0,0,0,0.664273040925557,0.465482989149615,0.7967997421095183,0.7028709642465009,0.8100443051872349,0,0,110.53460310412544,102.14555036124993,0.0,0.0,0.0,0.0,0.0,0.0,0,0.0,0.0,0.0,0,0,0.7967997421095183,0,0,0,294,69.60892952860574
85,Colorado St.,P12,0-0,113.25038096346793,65,102.977939255064,109,0.7490388992771385,85,17.945819526378358,12.054180473621642,8.176868373666231,7.823131626333768,0-0,0,0,0,0.6156807278670292,0.5049823525166952,0.7125418062985714,0.7718233929347534,0.8286721691137984,0,0,105.75720296368513,99.29352063348752,0.0,0.0,0.0,0.0,0.0,0.0,0,0.0,0.0,0.0,0,0,0.7125418062985714,0,0,0,192,70.01406688575102
86,Colorado,B12,0-0,111.3231749004056,89,101.26868591558252,86,0.7481165834877896,86,14.919123803382767,16.080876196617233,5.860657104337163,12.139342895662834,0-0,0,0,0,0.7186074660549484,0.5256568937178336,0.8579606571873094,0.6759625610828286,0.8383603051590777,0,0,112.20041571764988,101.12947705265982,0.0,0.0,0.0,0.0,0.0,0.0,0,0.0,0.0,0.0,0,0,0.8579606571873094,0,0,0,152,72.0461775571879
87,George Washington,A10,0-0,111.47693819391631,86,101.51725048426468,91,0.7457881250570524,87,21.757207904485114,10.242792095514885,10.854017045397361,7.1459829546026405,0-0,0,0,0,0.5405266983649012,0.41542555764471883,0.6378275855917095,0.8498796441170717,0.9009341843153352,0,0,103.90907658067414,101.63084710204976,0.0,0.0,0.0,0.0,0.0,0.0,0,0.0,0.0,0.0,0,0,0.6378275855917095,0,0,0,150,72.39810704297365
88,Boise St.,P12,0-0,109.7268946485415,110,99.95194682881697,72,0.7451683594472008,88,18.519172887178446,12.480827112821554,8.100124722910595,7.899875277089405,0-0,0,0,0,0.6170662255163645,0.5147126815523149,0.7130226729826609,0.7805347749010197,0.8433823001861589,0,0,105.82375577813508,99.59398793717317,0.0,0.0,0.0,0.0,0.0,0.0,0,0.0,0.0,0.0,0,0,0.7130226729826609,0,0,0,270,69.32553085351876
89,Nevada,MWC,0-0,109.87718633803235,107,100.1618943831644,75,0.7435719633809926,89,21.41870398486545,10.58129601513455,11.199345524595905,6.8006544754040945,0-0,0,0,0,0.5526700694561302,0.49399535728470606,0.5983059567005713,0.840419727742159,0.8775207172916915,0,0,104.31662415804468,101.34419642220837,0.0,0.0,0.0,0.0,0.0,0.0,0,0.0,0.0,0.0,0,0,0.5983059567005713,0,0,0,89,69.51315007941153
90,California,ACC,0-0,110.29042741605232,100,100.69105724019991,79,0.7402352596437818,90,16.78779523098155,15.21220476901845,6.557725002637992,11.442274997362007,0-0,0,0,0,0.6443291002956356,0.4141934151764515,0.8233235220550013,0.7065084342553456,0.8466957855813204,0,0,106.8900351852183,98.56451228164413,0.0,0.0,0.0,0.0,0.0,0.0,0,0.0,0.0,0.0,0,0,0.8233235220550013,0,0,0,218,71.29082527421225
91,McNeese St.,Slnd,0-0,109.08286850070093,116,99.6228452924795,67,0.7394742932976464,91,24.61406157282235,6.385938427177647,18.327519508413744,3.6724804915862586,0-0,0,0,0,0.3653720414164354,0.4576886236699718,0.32760616685817057,0.9138573864461531,0.8598190478962996,0,0,96.16134911220534,100.44107535124961,0.0,0.0,0.0,0.0,0.0,0.0,0,0.0,0.0,0.0,0,0,0.32760616685817057,0,0,0,202,70.90170476338392
92,South Florida,Amer,0-0,111.25571632261128,90,101.8204573229527,97,0.7348036875237332,92,20.464554125134207,11.535445874865797,11.040411885564973,6.959588114435027,0-0,0,0,0,0.5572190850450279,0.48841652853528933,0.6107321845526021,0.8238493462535461,0.829895272339022,0,0,107.49134848812166,105.41125127480946,0.0,0.0,0.0,0.0,0.0,0.0,0,0.0,0.0,0.0,0,0,0.6107321845526021,0,0,0,188,72.39084620830185
93,Charlotte,Amer,0-0,113.42363375973306,63,103.89509670715864,121,0.7328445426173662,93,21.94740021622996,10.052599783770042,11.083817984520497,6.916182015479504,0-0,0,0,0,0.5063350103099077,0.3914637982942754,0.5956792863220662,0.8544708315549788,0.9015733876479152,0,0,103.57020398330044,102.6649938254984,0.0,0.0,0.0,0.0,0.0,0.0,0,0.0,0.0,0.0,0,0,0.5956792863220662,0,0,0,194,69.99935563433765
94,Butler,BE,0-0,111.02924061714381,93,101.77412407377565,96,0.7312421036172069,94,14.867131107911632,17.13286889208837,6.457930448878128,13.542069551121873,0-0,0,0,0,0.7013736784913606,0.4543103609390202,0.8496116690227649,0.6732139328775087,0.8336287664926173,0,0,111.48531348410711,101.52682142258197,0.0,0.0,0.0,0.0,0.0,0.0,0,0.0,0.0,0.0,0,0,0.8496116690227649,0,0,0,242,71.77064289651783
95,Santa Clara,WCC,0-0,111.40760017699759,87,102.38066115616147,102,0.7254629285921061,95,20.61852202231331,11.381477977686693,10.438593781019554,5.561406218980445,0-0,0,0,0,0.5621327654798948,0.5690696816136291,0.5551958493461605,0.8394273705604268,0.8301141702091619,0,0,103.93143510045746,100.75804321866828,0.0,0.0,0.0,0.0,0.0,0.0,0,0.0,0.0,0.0,0,0,0.5551958493461605,0,0,0,271,72.41465802302187
96,Oregon St.,P12,0-0,112.96550110535924,67,104.19090147626585,125,0.7170475191558006,96,19.54953477483245,12.450465225167553,7.5635991595350855,8.436400840464914,0-0,0,0,0,0.5664900451111763,0.41647075695223584,0.7165093332701166,0.8028936519280799,0.8873134026048625,0,0,104.42104246802658,100.71267119769917,0.0,0.0,0.0,0.0,0.0,0.0,0,0.0,0.0,0.0,0,0,0.7165093332701166,0,0,0,183,70.66926150456798
97,Illinois Chicago,MVC,0-0,110.57568230412795,95,102.48015859020995,104,0.705651359792342,97,22.942801231633,9.057198768367003,13.609928912284923,6.390071087715079,0-0,0,0,0,0.4423735519277586,0.3475156169571469,0.49928831291012565,0.8866302650315904,0.9056963706350943,0,0,98.69006237188766,99.8914812011884,0.0,0.0,0.0,0.0,0.0,0.0,0,0.0,0.0,0.0,0,0,0.49928831291012565,0,0,0,88,70.77338958572108
98,George Mason,A10,0-0,109.88709008413565,106,102.26870265673011,99,0.6955659812525663,98,21.32351700958396,10.676482990416034,9.642816089574248,8.35718391042575,0-0,0,0,0,0.4886792286985083,0.2879213412868154,0.6448242522409359,0.8515950207165578,0.9335562252245242,0,0,102.25134058967615,102.45626025469214,0.0,0.0,0.0,0.0,0.0,0.0,0,0.0,0.0,0.0,0,0,0.6448242522409359,0,0,0,119,67.44213901173235
99,UNLV,MWC,0-0,110.32952235461056,99,102.69660318549225,106,0.6951830583038411,99,19.138945722372,11.861054277628002,10.23007135265795,7.76992864734205,0-0,0,0,0,0.5427783549720956,0.4585198401042543,0.603631726821092,0.8231168829827321,0.84543611060811,0,0,104.08613451039841,101.31811503360017,0.0,0.0,0.0,0.0,0.0,0.0,0,0.0,0.0,0.0,0,0,0.603631726821092,0,0,0,3,72.05301713023933
100,Stanford,ACC,0-0,107.20022069198694,138,99.872956833584,71,0.6930022118183349,100,14.960558945339308,16.039441054660692,5.835381025479894,12.164618974520105,0-0,0,0,0,0.6828002770277634,0.49151030507178284,0.8209541456626382,0.7174761276187956,0.8730672416172743,0,0,111.17110459932523,101.9709569041398,0.0,0.0,0.0,0.0,0.0,0.0,0,0.0,0.0,0.0,0,0,0.8209541456626382,0,0,0,300,71.01853939587312
101,UC Santa Barbara,BW,0-0,111.48522124229424,85,103.88635705994045,119,0.6925006589034653,101,23.190854045444535,7.809145954555464,15.822419941095916,6.177580058904083,0-0,0,0,0,0.40062983485958964,0.3038030935756091,0.4402407744757635,0.9114344439511686,0.9355247830649999,0,0,97.29982351883294,100.15117379922809,0.0,0.0,0.0,0.0,0.0,0.0,0,0.0,0.0,0.0,0,0,0.4402407744757635,0,0,0,101,68.06392125254806
102,Miami OH,MAC,0-0,111.6783853381765,84,104.29958992052585,128,0.6869914054632789,102,22.110861665436847,8.889138334563157,15.357875160994142,6.6421248390058585,0-0,0,0,0,0.4350675388127234,0.36443856847036193,0.4639612084982349,0.8976693059015477,0.9030777013169061,0,0,99.38571784747715,100.71119189018961,0.0,0.0,0.0,0.0,0.0,0.0,0,0.0,0.0,0.0,0,0,0.4639612084982349,0,0,0,260,72.84120421041607
103,Murray St.,MVC,0-0,112.18308775487708,77,105.26975289462169,155,0.6751278488135826,103,21.23619325378876,9.76380674621124,12.992810464734438,7.007189535265562,0-0,0,0,0,0.4555583545003394,0.370569448451918,0.5023022528269714,0.8826636038438953,0.9004045275880849,0,0,104.33452418019635,106.61555215674697,0.0,0.0,0.0,0.0,0.0,0.0,0,0.0,0.0,0.0,0,0,0.5023022528269714,0,0,0,9,72.65966195957351
104,Boston College,ACC,0-0,111.10226002869285,92,104.47248613213944,130,0.6698626397080348,104,15.279677864728185,16.720322135271815,5.408974687972431,12.591025312027568,0-0,0,0,0,0.6357686578871368,0.39622509389545224,0.8220803187695582,0.7206811345664667,0.8581224395454804,0,0,109.35833027438996,102.91521511365663,0.0,0.0,0.0,0.0,0.0,0.0,0,0.0,0.0,0.0,0,0,0.8220803187695582,0,0,0,225,70.89123606622977
105,Illinois St.,MVC,0-0,109.68527648282978,111,103.14917447505218,110,0.6696378166173299,105,20.85739459918571,11.142605400814286,12.883236310380337,7.116763689619663,0-0,0,0,0,0.4735115875278581,0.4246252328282054,0.5028434003476497,0.8590320599471517,0.8365445896116077,0,0,99.44595524055389,99.08422077406001,0.0,0.0,0.0,0.0,0.0,0.0,0,0.0,0.0,0.0,0,0,0.5028434003476497,0,0,0,45,70.07116849338728
106,Penn St.,B10,0-0,111.77094726842373,82,105.11569595936135,149,0.6695135220116284,106,13.795448107126356,17.204551892873642,4.869121781764951,15.130878218235049,0-0,0,0,0,0.6669996094769923,0.3037940718957193,0.8667626551466924,0.6820254973954931,0.934853124599356,0,0,110.94448276338659,102.20242823491253,0.0,0.0,0.0,0.0,0.0,0.0,0,0.0,0.0,0.0,0,0,0.8667626551466924,0,0,0,117,70.9558205129945
107,Western Kentucky,CUSA,0-0,110.05913018473194,104,103.54312250012711,113,0.6685956862955524,107,21.90094461151115,10.099055388488848,12.357134791950465,5.642865208049533,0-0,0,0,0,0.44413860699611846,0.4248439580883376,0.4591455561466146,0.8781388905792532,0.8522683982485008,0,0,96.27293913411637,96.28093564812006,0.0,0.0,0.0,0.0,0.0,0.0,0,0.0,0.0,0.0,0,0,0.4591455561466146,0,0,0,239,72.9824158973344
108,UNC Wilmington,CAA,0-0,111.3919691935069,88,105.18024459048962,153,0.659230517243209,108,24.641944629116672,7.358055370883321,13.308860858774164,4.691139141225836,0-0,0,0,0,0.35233694584660913,0.31098989090894874,0.38449576635367866,0.9344886757869394,0.9486827818302935,0,0,96.96245013489569,101.63191044834811,0.0,0.0,0.0,0.0,0.0,0.0,0,0.0,0.0,0.0,0,0,0.38449576635367866,0,0,0,248,68.58132121507238
109,Georgia Tech,ACC,0-0,110.97258124025032,94,104.89187141361458,140,0.6565733831650182,109,14.476946730264517,17.52305326973548,4.814400254592231,13.185599745407771,0-0,0,0,0,0.6551029496967529,0.4198869973988137,0.8380486903729278,0.7054252316647992,0.8520365771303294,0,0,110.64089104698397,102.84430297831378,0.0,0.0,0.0,0.0,0.0,0.0,0,0.0,0.0,0.0,0,0,0.8380486903729278,0,0,0,71,72.62534190452486
110,Memphis,Amer,0-0,111.74275166846581,83,105.6205149652512,157,0.6565568261956579,110,14.98230622377353,16.017693776226473,9.557403028678099,8.442596971321901,0-0,0,0,0,0.6475434288916708,0.6982835548458721,0.6108977823691919,0.761038681626154,0.6835450379811924,0,0,109.96203627545776,103.11413686512323,0.0,0.0,0.0,0.0,0.0,0.0,0,0.0,0.0,0.0,0,0,0.6108977823691919,0,0,0,151,73.11705916962124
111,Akron,MAC,0-0,109.1568737163538,114,103.19543534247177,111,0.6560761286648578,111,21.989942673859808,9.010057326140188,14.694126891133637,7.305873108866365,0-0,0,0,0,0.41050680793548827,0.27306912028412483,0.46673131652013694,0.9083495733242664,0.9446283616482086,0,0,95.53555879682459,97.17099182588957,0.0,0.0,0.0,0.0,0.0,0.0,0,0.0,0.0,0.0,0,0,0.46673131652013694,0,0,0,131,72.15409351579339
112,Richmond,A10,0-0,109.9443152112018,105,104.61246789741838,133,0.6391506495522041,112,18.54188803127729,13.458111968722712,8.548519286207302,9.451480713792698,0-0,0,0,0,0.5343340356549657,0.383313033410697,0.651794815178286,0.8355918866623627,0.8960335964702851,0,0,103.77749423744442,101.65224408398656,0.0,0.0,0.0,0.0,0.0,0.0,0,0.0,0.0,0.0,0,0,0.651794815178286,0,0,0,217,70.98837397446808
113,Belmont,MVC,0-0,109.77604228615337,108,104.80254311525482,136,0.6302266209869699,113,20.375539578214937,11.624460421785061,12.107529679380795,7.892470320619205,0-0,0,0,0,0.46903271337907854,0.4062191850767129,0.506720830360498,0.8814104752604597,0.9004103902449381,0,0,99.13501389005903,99.15660013657701,0.0,0.0,0.0,0.0,0.0,0.0,0,0.0,0.0,0.0,0,0,0.506720830360498,0,0,0,154,71.79400563384534
114,North Texas,Amer,0-0,105.58448219501616,177,100.84494973450134,80,0.629054580604706,114,19.708317304838204,12.291682695161793,9.488003518248926,8.511996481751078,0-0,0,0,0,0.4966235368196263,0.38011540848412745,0.5872409699694584,0.8666721672772455,0.9209497471760256,0,0,100.26707168012084,99.34730716221289,0.0,0.0,0.0,0.0,0.0,0.0,0,0.0,0.0,0.0,0,0,0.5872409699694584,0,0,0,112,70.13625921629492
115,Davidson,A10,0-0,108.90403658134693,117,104.02505573828387,123,0.6288078827624284,115,18.77757373225075,13.222426267749249,8.976199130126641,9.023800869873359,0-0,0,0,0,0.5303725527163905,0.41150769747961763,0.6228229956783249,0.8567474101128881,0.9119680037586898,0,0,106.33031425111459,105.20127518013543,0.0,0.0,0.0,0.0,0.0,0.0,0,0.0,0.0,0.0,0,0,0.6228229956783249,0,0,0,281,67.49701622781085
116,Hawaii,MWC,0-0,108.50359217422226,122,103.64919980485013,117,0.6286356909733735,116,16.244375774192136,11.75562422580786,9.000621776582477,8.999378223417523,0-0,0,0,0,0.5328921213187184,0.3924526568158124,0.610914046042555,0.843852637481259,0.9191072100163781,0,0,103.16739436084042,100.9146470506153,0.0,0.0,0.0,0.0,0.0,0.0,0,0.0,0.0,0.0,0,0,0.610914046042555,0,0,0,220,72.84058691089464
117,Northern Iowa,MVC,0-0,107.02375838573133,145,102.47226449880901,103,0.6224064091631265,117,19.21117253527705,12.78882746472295,11.955634617997584,8.044365382002416,0-0,0,0,0,0.4956107646325432,0.4758139354635258,0.5074888621339537,0.8463156659741611,0.8075850319853094,0,0,99.97953158407267,98.32743537817475,0.0,0.0,0.0,0.0,0.0,0.0,0,0.0,0.0,0.0,0,0,0.5074888621339537,0,0,0,290,69.74470250547843
118,Wyoming,MWC,0-0,109.1075282993628,115,104.59949927139306,132,0.6189853997157484,118,17.699361860451308,14.30063813954869,8.830343933204707,9.169656066795293,0-0,0,0,0,0.545247265762174,0.4594648203495658,0.6119669455275356,0.8292534268408072,0.8650337875577376,0,0,104.49821556509832,101.7617963653931,0.0,0.0,0.0,0.0,0.0,0.0,0,0.0,0.0,0.0,0,0,0.6119669455275356,0,0,0,304,70.33898283290577
119,Fresno St.,P12,0-0,105.82443337579866,173,101.68840562710383,95,0.612654387746896,119,16.339635261772397,14.660364738227607,5.827915742361072,10.172084257638927,0-0,0,0,0,0.5653290626357976,0.3903560686142122,0.7293662445310339,0.8051259987539843,0.9070478516961699,0,0,104.86673393435719,101.00291388899066,0.0,0.0,0.0,0.0,0.0,0.0,0,0.0,0.0,0.0,0,0,0.7293662445310339,0,0,0,143,72.58296223707323
120,St. Bonaventure,A10,0-0,108.34104473418466,125,104.28077513908494,127,0.6080841399753418,120,19.0074665222819,12.992533477718103,8.122607618629713,9.877392381370287,0-0,0,0,0,0.5006070967059615,0.3104922265791784,0.6484742179156815,0.8618640396573602,0.9465221074324168,0,0,103.11707589564567,102.50090148763714,0.0,0.0,0.0,0.0,0.0,0.0,0,0.0,0.0,0.0,0,0,0.6484742179156815,0,0,0,28,71.25099991094035
121,Harvard,Ivy,0-0,106.70942041336656,151,102.72455989959124,107,0.6077035664801371,121,18.431280385228987,9.568719614771014,9.46936609926657,4.530633900733433,0-0,0,0,0,0.4112771996014897,0.41403431854067246,0.40852008066230683,0.8759358872059103,0.838028268904381,0,0,97.41475257425384,99.03552557222174,0.0,0.0,0.0,0.0,0.0,0.0,0,0.0,0.0,0.0,0,0,0.40852008066230683,0,0,0,79,66.97077340559473
122,Utah Valley,BW,0-0,106.80318411909079,147,102.82383188918865,108,0.6074633033096458,122,19.10701628239539,10.892983717604611,14.080190700151554,7.919809299848441,0-0,0,0,0,0.43949257628932387,0.41651651402597784,0.44784750802144957,0.886125743384997,0.857264268931301,0,0,98.27755348741562,99.39532875524984,0.0,0.0,0.0,0.0,0.0,0.0,0,0.0,0.0,0.0,0,0,0.44784750802144957,0,0,0,4,71.85000446948297
123,Stephen F. Austin,Slnd,0-0,106.25319141022118,161,102.30491432937816,100,0.6071795813019488,123,21.95766938490253,8.042330615097464,16.08387524130286,5.916124758697139,0-0,0,0,0,0.33394077155553276,0.3187449098951036,0.33946653943205246,0.9198914477946954,0.899188713114089,0,0,95.11545636786283,100.42675307124776,0.0,0.0,0.0,0.0,0.0,0.0,0,0.0,0.0,0.0,0,0,0.33946653943205246,0,0,0,148,70.84161615028461
124,Florida Atlantic,Amer,0-0,107.75166819242673,133,103.81279194802974,118,0.6054581270775389,124,18.3294639481331,13.6705360518669,8.879144773444088,9.120855226555914,0-0,0,0,0,0.512858160643869,0.39577189801891277,0.6039252537966129,0.8552838663306382,0.8918718516370843,0,0,97.76513624302389,95.29661888237625,0.0,0.0,0.0,0.0,0.0,0.0,0,0.0,0.0,0.0,0,0,0.6039252537966129,0,0,0,21,72.37475869118451
125,UAB,Amer,0-0,107.75336657094721,132,103.98007278257072,122,0.6010700265907526,125,18.04909960935617,13.950900390643834,8.944959801809794,9.055040198190206,0-0,0,0,0,0.5255059920864118,0.43659286412059306,0.5946606471709373,0.8510284013605989,0.8922646932993405,0,0,103.9795786671063,102.29921274609927,0.0,0.0,0.0,0.0,0.0,0.0,0,0.0,0.0,0.0,0,0,0.5946606471709373,0,0,0,115,72.52455826336193
126,UC Irvine,BW,0-0,102.34415069582175,244,98.85423128729553,51,0.5984450389611491,126,17.705078392568932,12.294921607431068,13.896891167180291,8.103108832819713,0-0,0,0,0,0.4888085281011305,0.5992402311709453,0.44865154516665257,0.8774992221005717,0.8261266321772149,0,0,105.78423423408616,106.3455461406309,0.0,0.0,0.0,0.0,0.0,0.0,0,0.0,0.0,0.0,0,0,0.44865154516665257,0,0,0,349,71.56594373811046
127,Saint Joseph's,A10,0-0,102.78122619870351,234,99.34656357004286,63,0.5964911114789566,127,17.256022561084354,12.743977438915646,7.964388011557768,10.035611988442232,0-0,0,0,0,0.503360349886287,0.2884276990874242,0.6466487837521954,0.8526340907382409,0.9383611607528364,0,0,102.43852079116328,102.22324771724489,0.0,0.0,0.0,0.0,0.0,0.0,0,0.0,0.0,0.0,0,0,0.6466487837521954,0,0,0,273,71.48458733473349
128,Penn,Ivy,0-0,107.18172036224038,139,103.60465900891361,115,0.5963667771137386,128,18.8151887461117,9.1848112538883,9.317857986320917,4.682142013679084,0-0,0,0,0,0.39197912684599384,0.37384993094623803,0.41010832274574965,0.8779636605806018,0.8429515859151776,0,0,96.37192826657683,98.67021442675912,0.0,0.0,0.0,0.0,0.0,0.0,0,0.0,0.0,0.0,0,0,0.41010832274574965,0,0,0,364,72.77757917636859
129,Texas St.,P12,0-0,108.69196662175668,118,105.21221872899295,154,0.5924715551572672,129,17.010690146534895,14.989309853465102,5.528536620601673,10.471463379398326,0-0,0,0,0,0.5439898642799477,0.3561393007065033,0.7318404278533919,0.8031359226671732,0.8980521127437509,0,0,103.70834569611355,100.65296053911904,0.0,0.0,0.0,0.0,0.0,0.0,0,0.0,0.0,0.0,0,0,0.7318404278533919,0,0,0,329,69.70042846806392
130,Loyola Marymount,WCC,0-0,109.45407299664436,113,105.99153907825067,165,0.5913807600585856,130,18.882655268287248,13.117344731712754,9.166517920435364,7.833482079564636,0-0,0,0,0,0.4922020681237107,0.43102503152918603,0.5461818062953502,0.8704774438459502,0.8914380844533017,0,0,102.46308637529629,102.29095128355878,0.0,0.0,0.0,0.0,0.0,0.0,0,0.0,0.0,0.0,0,0,0.5461818062953502,0,0,0,85,70.65008232912253
131,UC San Diego,BW,0-0,105.91187895927862,171,102.61109511986092,105,0.5900339050316152,131,19.561055493919124,11.438944506080878,13.726035051086972,8.273964948913024,0-0,0,0,0,0.43735195705734686,0.40789846747348196,0.4494011118871098,0.8908774431464629,0.8788903292891046,0,0,98.36154243652183,99.69637050185798,0.0,0.0,0.0,0.0,0.0,0.0,0,0.0,0.0,0.0,0,0,0.4494011118871098,0,0,0,128,71.26416498075898
132,Pacific,WCC,0-0,106.80053464460966,148,103.58740538132989,114,0.5869309880634407,132,18.414489900270578,13.585510099729424,8.375726730455067,7.624273269544934,0-0,0,0,0,0.4854811232234867,0.41782971489337806,0.5531325315535953,0.8584093569428572,0.8724080574706238,0,0,99.68224270325528,98.94923442991903,0.0,0.0,0.0,0.0,0.0,0.0,0,0.0,0.0,0.0,0,0,0.5531325315535953,0,0,0,156,70.2772811643133
133,Kennesaw St.,CUSA,0-0,107.37934509466072,136,104.20321377915658,126,0.5854739958958988,133,18.139548006259126,10.860451993740874,10.884963616836254,7.115036383163747,0-0,0,0,0,0.4382669961490256,0.38925642339537475,0.46821790172070116,0.8813719591184227,0.8626324386283403,0,0,98.26432855719604,99.10912119046985,0.0,0.0,0.0,0.0,0.0,0.0,0,0.0,0.0,0.0,0,0,0.46821790172070116,0,0,0,343,74.17932199801096
134,Fordham,A10,0-0,108.33230352275356,126,105.13038387243952,151,0.5854103095700557,134,18.659535681664984,13.34046431833502,8.00054407011531,9.99945592988469,0-0,0,0,0,0.48225060487425075,0.2861832484244341,0.6347474376685525,0.8575998714928139,0.904850967670147,0,0,99.28947391526937,99.01316153648695,0.0,0.0,0.0,0.0,0.0,0.0,0,0.0,0.0,0.0,0,0,0.6347474376685525,0,0,0,320,69.99608890060887
135,Toledo,MAC,0-0,110.15749987337244,101,107.33132435502696,199,0.5741716643308168,135,17.501242113723407,13.498757886276593,12.960484470913961,9.039515529086035,0-0,0,0,0,0.4923643967232174,0.5371577694280547,0.4740398351621476,0.8547029405593856,0.7701080995322128,0,0,106.69782745075125,106.39256536320745,0.0,0.0,0.0,0.0,0.0,0.0,0,0.0,0.0,0.0,0,0,0.4740398351621476,0,0,0,362,71.26248368388153
136,San Diego,WCC,0-0,108.50958874000818,121,106.12252381361085,168,0.5636056945094287,136,16.630443473167677,13.36955652683232,8.238218984318426,7.761781015681574,0-0,0,0,0,0.5046571928277889,0.4607798635873385,0.5430498559131832,0.8549279608736802,0.8609931535660378,0,0,102.8953507298464,102.075271650334,0.0,0.0,0.0,0.0,0.0,0.0,0,0.0,0.0,0.0,0,0,0.5430498559131832,0,0,0,317,71.54385932357832
137,Troy,SB,0-0,107.03561385762794,141,104.83282892820998,139,0.5595013089657681,137,20.467044556925252,9.532955443074744,11.234316484056418,4.765683515943583,0-0,0,0,0,0.36201375222456145,0.3930635217613861,0.33484520387983985,0.9114445053284904,0.8839520677990311,0,0,96.58087813402162,100.63520298818143,0.0,0.0,0.0,0.0,0.0,0.0,0,0.0,0.0,0.0,0,0,0.33484520387983985,0,0,0,208,70.5851154165575
138,Rhode Island,A10,0-0,106.57772498379438,156,104.46608050259815,129,0.557282188050048,138,16.71332409194364,14.286675908056361,7.629343365083425,10.370656634916575,0-0,0,0,0,0.5147858702552598,0.35169631513725724,0.6325727711738173,0.8564592055444008,0.9253608241501865,0,0,103.0620772224625,102.15761827728413,0.0,0.0,0.0,0.0,0.0,0.0,0,0.0,0.0,0.0,0,0,0.6325727711738173,0,0,0,284,69.41828026690703
139,UTEP,MWC,0-0,107.02922614918504,142,104.98114390549128,145,0.555320998558567,139,15.855817195253724,13.144182804746272,7.747168090834794,10.252831909165204,0-0,0,0,0,0.4993207479123416,0.30364642654360435,0.6188994998599031,0.8462695181343635,0.9255655121029698,0,0,99.33642095859274,97.90964746359674,0.0,0.0,0.0,0.0,0.0,0.0,0,0.0,0.0,0.0,0,0,0.6188994998599031,0,0,0,355,68.86282516144806
140,Kent St.,MAC,0-0,106.77373521777048,149,104.80285013061143,137,0.5533601636041658,140,18.15425216415873,11.845747835841275,12.523008733065629,9.476991266934373,0-0,0,0,0,0.43174469493231477,0.3103392515067363,0.47589212890525234,0.8971264837200414,0.921076635486114,0,0,98.95502416530171,100.31991038008096,0.0,0.0,0.0,0.0,0.0,0.0,0,0.0,0.0,0.0,0,0,0.47589212890525234,0,0,0,352,73.647114421309
141,Liberty,CUSA,0-0,106.74466610187633,150,105.01167374625311,147,0.546920008649687,141,19.60737594885624,12.392624051143756,10.207698780047794,7.792301219952203,0-0,0,0,0,0.4223765757208077,0.3580448974205609,0.47241232550988865,0.8964231931328607,0.9036716025018523,0,0,94.80044277853824,96.61164217982251,0.0,0.0,0.0,0.0,0.0,0.0,0,0.0,0.0,0.0,0,0,0.47241232550988865,0,0,0,70,67.70247804472774
142,Tarleton St.,UAC,0-0,106.60937048938888,155,105.15438107369155,152,0.5394257869577278,142,22.225512433385873,9.774487566614122,10.92617038840037,5.073829611599631,0-0,0,0,0,0.31584143369871387,0.291332794768499,0.34035007262892897,0.9152766961064527,0.8949457256555609,0,0,90.09524347349425,95.33709047009135,0.0,0.0,0.0,0.0,0.0,0.0,0,0.0,0.0,0.0,0,0,0.34035007262892897,0,0,0,158,71.9580974690916
143,Valparaiso,MVC,0-0,106.1306463091451,165,104.771046490668,135,0.5370007257381665,143,17.6455299572495,13.354470042750503,10.328356210033613,9.671643789966385,0-0,0,0,0,0.45968432338553744,0.3575526930081383,0.515856720093107,0.8699997748778252,0.8785648556512405,0,0,98.87099131776186,99.18858562546329,0.0,0.0,0.0,0.0,0.0,0.0,0,0.0,0.0,0.0,0,0,0.515856720093107,0,0,0,309,68.78691832671363
144,Middle Tennessee,CUSA,0-0,106.32370561291279,159,104.9922879023649,146,0.5361656643183036,144,17.51984954787907,12.48015045212093,10.018887418231285,7.981112581768715,0-0,0,0,0,0.4402099080164927,0.3901525621927133,0.4735814718990122,0.8717419442974795,0.8439646581035737,0,0,95.33132914688804,95.36669321454742,0.0,0.0,0.0,0.0,0.0,0.0,0,0.0,0.0,0.0,0,0,0.4735814718990122,0,0,0,264,69.17862396117107
145,Drake,MVC,0-0,108.24987614879751,128,106.92142686588122,185,0.5354409268036738,145,17.608687063261982,14.39131293673802,10.299040258182924,9.700959741817075,0-0,0,0,0,0.48204592660832757,0.425440274921926,0.5160093176201684,0.8641024696519949,0.862237387686986,0,0,102.06253343038841,102.10220156066721,0.0,0.0,0.0,0.0,0.0,0.0,0,0.0,0.0,0.0,0,0,0.5160093176201684,0,0,0,263,71.67436076458391
146,St. Thomas,Sum,0-0,106.98055922310846,146,105.66872702954745,161,0.5354127740316856,146,21.862141755810246,10.13785824418975,10.132447097552715,3.8675529024472843,0-0,0,0,0,0.33250861047678504,0.3636127227642375,0.2925176089643465,0.9221683098036171,0.9030439387884994,0,0,93.25328333651179,98.2682323364997,0.0,0.0,0.0,0.0,0.0,0.0,0,0.0,0.0,0.0,0,0,0.2925176089643465,0,0,0,177,71.72291272893817
147,La Salle,A10,0-0,108.3412104352503,124,107.19193396450308,194,0.5306223507374367,147,14.960702728023447,16.03929727197655,6.941393210840278,11.058606789159722,0-0,0,0,0,0.545871840970904,0.40251054851346435,0.649410552190166,0.7980189665758316,0.8170077122037546,0,0,100.91669327568941,97.19614703702726,0.0,0.0,0.0,0.0,0.0,0.0,0,0.0,0.0,0.0,0,0,0.649410552190166,0,0,0,229,69.45883936052131
148,James Madison,SB,0-0,108.22592577706382,129,107.52881559688933,202,0.5185699454744994,148,21.27973158789439,9.720268412105606,11.698958096718522,5.301041903281479,0-0,0,0,0,0.3206417455412374,0.32079449423829853,0.3205159524965988,0.9257895041959878,0.9058947231989037,0,0,96.0005961273348,102.10849610657827,0.0,0.0,0.0,0.0,0.0,0.0,0,0.0,0.0,0.0,0,0,0.3205159524965988,0,0,0,299,70.29096414126059
149,Temple,Amer,0-0,106.69950975961572,152,106.03224186365199,166,0.5180280550929842,149,14.495348963898673,14.504651036101325,8.154500977965009,9.845499022034991,0-0,0,0,0,0.5189529539159703,0.44566130567137174,0.5637422945098917,0.8605844253644076,0.8867781922689937,0,0,103.74450292925017,102.33814959034873,0.0,0.0,0.0,0.0,0.0,0.0,0,0.0,0.0,0.0,0,0,0.5637422945098917,0,0,0,363,68.55222458127918
150,North Dakota St.,Sum,0-0,105.36245392460125,183,104.82374837096415,138,0.5147329700835839,150,19.900532537464212,12.099467462535792,9.883361300813414,4.116638699186587,0-0,0,0,0,0.37561197315751804,0.43799337794511445,0.2954073098591802,0.9003800410705369,0.86527008041909,0,0,94.24912611264018,97.56243926591743,0.0,0.0,0.0,0.0,0.0,0.0,0,0.0,0.0,0.0,0,0,0.2954073098591802,0,0,0,12,70.08507674076101
151,Loyola Chicago,A10,0-0,107.60492830368497,134,107.06355156842406,188,0.5144970064432232,151,11.739592784768481,16.26040721523152,6.358315097495961,11.64168490250404,0-0,0,0,0,0.5959373041178478,0.47117964230127285,0.6652471162381673,0.8158348671813505,0.8698024854055214,0,0,108.18931522491769,104.38437014875672,0.0,0.0,0.0,0.0,0.0,0.0,0,0.0,0.0,0.0,0,0,0.6652471162381673,0,0,0,126,69.34939130958392
152,Seattle,WCC,0-0,101.67850865213427,255,101.35580779746675,87,0.5091379866290885,152,15.389854166787078,14.61014583321292,7.142857405672039,8.85714259432796,0-0,0,0,0,0.5016661776532113,0.4300165081526305,0.5643596384662194,0.8529727996935617,0.8687832851089395,0,0,103.23437410653722,102.25859620245957,0.0,0.0,0.0,0.0,0.0,0.0,0,0.0,0.0,0.0,0,0,0.5643596384662194,0,0,0,73,71.26688116455989
153,Pepperdine,WCC,0-0,108.15850364509629,130,107.82059913598798,209,0.5089950502683731,153,14.6541754737574,14.3458245262426,7.409357685671636,9.590642314328363,0-0,0,0,0,0.4957777966036716,0.38944855861252153,0.570833729303307,0.8578450359026406,0.8866407981666881,0,0,105.96322343477155,106.03026998725528,0.0,0.0,0.0,0.0,0.0,0.0,0,0.0,0.0,0.0,0,0,0.570833729303307,0,0,0,76,71.17213408892182
154,Wright St.,Horz,0-0,107.02741807671666,143,106.75972932602582,182,0.5071992388967826,154,20.054185233137453,11.945814766862542,13.143374430565453,6.856625569434548,0-0,0,0,0,0.3708639081976002,0.4213350167681722,0.3405812430552572,0.9199567386655524,0.8896276372534279,0,0,98.29629138982955,102.2412921509644,0.0,0.0,0.0,0.0,0.0,0.0,0,0.0,0.0,0.0,0,0,0.3405812430552572,0,0,0,94,71.2095602195625
155,Duquesne,A10,0-0,105.81905225745783,174,105.6572546978384,160,0.5043991317828257,155,17.22630444220218,14.773695557797817,6.628694916605993,11.371305083394004,0-0,0,0,0,0.4800760926263946,0.2701873360993512,0.6433229032585395,0.8625163009952622,0.9454208445300027,0,0,99.78970494568996,99.58758425239466,0.0,0.0,0.0,0.0,0.0,0.0,0,0.0,0.0,0.0,0,0,0.6433229032585395,0,0,0,341,71.31558380243696
156,New Mexico St.,CUSA,0-0,106.29814087218685,160,106.14742074833791,169,0.5040792644583745,156,15.229906269506882,14.770093730493114,9.455014325609365,8.544985674390636,0-0,0,0,0,0.49537525297433516,0.5228352905708539,0.47706856124332275,0.8436204043262003,0.7758647538186886,0,0,99.73532483863528,98.07527256864951,0.0,0.0,0.0,0.0,0.0,0.0,0,0.0,0.0,0.0,0,0,0.47706856124332275,0,0,0,235,70.09865565756915
157,Princeton,Ivy,0-0,106.61438669746047,154,106.58889629624699,175,0.5006874646265189,157,16.536776923525846,12.463223076474153,8.025255359219114,5.974744640780884,0-0,0,0,0,0.4219594353573602,0.4205339069734317,0.4234867871972837,0.8953296141867976,0.8846255498231606,0,0,97.35812021078287,99.0068294068978,0.0,0.0,0.0,0.0,0.0,0.0,0,0.0,0.0,0.0,0,0,0.4234867871972837,0,0,0,41,67.64166707014314
158,UC Davis,MWC,0-0,104.89265322969584,191,104.89879319577636,141,0.4998317147612949,158,16.510978670248797,15.489021329751205,6.848906376341128,11.151093623658873,0-0,0,0,0,0.4894854987573704,0.3153415277617331,0.624930809531755,0.8561246985803559,0.9344448566452297,0,0,99.69902911488224,98.87492129916203,0.0,0.0,0.0,0.0,0.0,0.0,0,0.0,0.0,0.0,0,0,0.624930809531755,0,0,0,226,72.12792324730611
159,Sacramento St.,BW,0-0,108.51224867486468,120,108.60400499605961,230,0.4975699897386405,159,16.80512389807957,14.19487610192043,11.844523439143051,10.155476560856949,0-0,0,0,0,0.454082120485395,0.44541560173286615,0.45762751452052036,0.8847175016896438,0.8668188366611109,0,0,98.39060768724654,99.0065026321032,0.0,0.0,0.0,0.0,0.0,0.0,0,0.0,0.0,0.0,0,0,0.45762751452052036,0,0,0,321,72.59574775634636
160,FIU,CUSA,0-0,105.46776130455115,179,105.7441244113084,163,0.4924768966431245,160,17.41603972281183,13.583960277188169,9.250718115815069,8.749281884184931,0-0,0,0,0,0.4328463771474225,0.3698699866087315,0.4783293258698106,0.8822120952310859,0.873792523689964,0,0,98.40252931617613,99.88078973262404,0.0,0.0,0.0,0.0,0.0,0.0,0,0.0,0.0,0.0,0,0,0.4783293258698106,0,0,0,289,72.58849186059304
161,Campbell,CAA,0-0,108.64234411552843,119,109.03591085446587,239,0.48960536890567197,161,15.971395776326222,16.028604223673778,10.570619372056266,7.429380627943734,0-0,0,0,0,0.4727222351202837,0.5686967038271339,0.39807542612606667,0.8344187903968278,0.7291723985049365,0,0,106.22216668505759,106.71005186810541,0.0,0.0,0.0,0.0,0.0,0.0,0,0.0,0.0,0.0,0,0,0.39807542612606667,0,0,0,137,72.05455227689714
162,Hofstra,CAA,0-0,101.30467494144767,266,101.67463491497341,94,0.48952129295141916,162,18.48747507145368,13.51252492854632,10.800093424907642,7.199906575092356,0-0,0,0,0,0.40911486852641266,0.441862416522484,0.3836445534183571,0.887109695662306,0.8405126572187657,0,0,98.12935778535714,100.36226254238038,0.0,0.0,0.0,0.0,0.0,0.0,0,0.0,0.0,0.0,0,0,0.3836445534183571,0,0,0,268,68.36731031877085
163,Tulane,Amer,0-0,108.13424617846786,131,108.56133501174364,228,0.4886691573838329,163,16.86057791675264,15.139422083247357,7.582241900714481,10.41775809928552,0-0,0,0,0,0.4691765284907116,0.33657929840511613,0.5723077074461747,0.8744321496951816,0.9249161677145371,0,0,102.3570116218287,103.33918260033403,0.0,0.0,0.0,0.0,0.0,0.0,0,0.0,0.0,0.0,0,0,0.5723077074461747,0,0,0,102,70.32791594228567
164,Portland,WCC,0-0,106.69306201992703,153,107.21811099257829,196,0.4858902363645783,164,15.834779546403311,16.16522045359669,6.9039489757709935,9.096051024229007,0-0,0,0,0,0.49237374828777547,0.4264344323600993,0.5583130642154518,0.8595645487501088,0.8706450653041187,0,0,96.80586428931785,95.21062246830748,0.0,0.0,0.0,0.0,0.0,0.0,0,0.0,0.0,0.0,0,0,0.5583130642154518,0,0,0,203,71.8214211773801
165,Eastern Michigan,MAC,0-0,104.43859370094248,199,104.96043233184119,144,0.4856744457121911,165,15.683671322328705,14.316328677671292,11.099491472018396,10.900508527981604,0-0,0,0,0,0.4651419670790783,0.4190269308728764,0.4819110711540608,0.8652659207359078,0.8085748263589195,0,0,100.22679813248054,99.86772144063114,0.0,0.0,0.0,0.0,0.0,0.0,0,0.0,0.0,0.0,0,0,0.4819110711540608,0,0,0,129,69.29828245132593
166,Washington St.,P12,0-0,106.05191066092218,167,106.70384368632705,180,0.48238789938035354,166,11.139921406207808,20.860078593792192,4.0422072326549445,11.957792767345055,0-0,0,0,0,0.6429994730265485,0.5406925384851106,0.7453064075679865,0.7529783841632299,0.8037548191815492,0,0,106.59438896891912,99.00593444592758,0.0,0.0,0.0,0.0,0.0,0.0,0,0.0,0.0,0.0,0,0,0.7453064075679865,0,0,0,7,71.99631584934717
167,Bowling Green,MAC,0-0,107.15091122794672,140,108.01961492206834,211,0.4768021794030432,167,17.201677414878702,13.798322585121296,10.91222694458004,11.087773055419957,0-0,0,0,0,0.42657269858574665,0.28937274626147463,0.48269995180931263,0.8890265070848691,0.8974411823739007,0,0,99.25266343603674,100.92393983054129,0.0,0.0,0.0,0.0,0.0,0.0,0,0.0,0.0,0.0,0,0,0.48269995180931263,0,0,0,168,71.58129954984982
168,Central Arkansas,UAC,0-0,106.1693624264154,164,107.10711406919847,193,0.4747392866516883,168,19.317926702823897,12.6820732971761,9.971258133762333,6.028741866237668,0-0,0,0,0,0.371951580059844,0.39564452193270655,0.3482586381869817,0.868338482797739,0.8042808046052473,0,0,91.98162790760044,94.01312703750662,0.0,0.0,0.0,0.0,0.0,0.0,0,0.0,0.0,0.0,0,0,0.3482586381869817,0,0,0,39,71.2896543120689
169,San Francisco,WCC,0-0,103.73751318858058,214,104.72985322224233,134,0.4726561262719838,169,14.253548418863733,16.746451581136263,6.58656621240213,9.413433787597869,0-0,0,0,0,0.5335221053485888,0.4957889910240119,0.5688969000278796,0.8562834471613499,0.8760052122367371,0,0,106.80932035674651,105.44327384256059,0.0,0.0,0.0,0.0,0.0,0.0,0,0.0,0.0,0.0,0,0,0.5688969000278796,0,0,0,136,69.50717190438515
170,Montana St.,BSky,0-0,104.12051532378919,207,105.12753904100666,150,0.47235565158244763,170,19.70146435141384,12.29853564858616,13.342789706323437,6.657210293676563,0-0,0,0,0,0.3594466508238201,0.45451680336187184,0.30240455930098925,0.878735711085338,0.7688610392453678,0,0,94.24855985702833,97.66481451377697,0.0,0.0,0.0,0.0,0.0,0.0,0,0.0,0.0,0.0,0,0,0.30240455930098925,0,0,0,212,69.46758423524878
171,Cal Poly,BW,0-0,108.46080334218757,123,109.54999972844814,253,0.47130395008018616,171,15.100162179862673,15.899837820137327,11.305121115810083,10.694878884189917,0-0,0,0,0,0.48419670584321267,0.5434348190019541,0.4599629322782729,0.8467019492313512,0.7380438724115724,0,0,102.36857055503343,101.99123991196434,0.0,0.0,0.0,0.0,0.0,0.0,0,0.0,0.0,0.0,0,0,0.4599629322782729,0,0,0,31,74.76795874045966
172,Western Michigan,MAC,0-0,109.58627403991176,112,110.69792070603435,279,0.4710153686789619,172,16.849804836660002,14.150195163339998,10.789939805624256,11.210060194375746,0-0,0,0,0,0.4261792397515837,0.28675963574523206,0.48321453229963685,0.8891991085622402,0.898499140092905,0,0,95.74519091518006,96.57070594415248,0.0,0.0,0.0,0.0,0.0,0.0,0,0.0,0.0,0.0,0,0,0.48321453229963685,0,0,0,13,71.45797608742281
173,Austin Peay,UAC,0-0,106.19528829314172,163,107.28707610609524,198,0.47062705274881184,173,20.144818030893546,11.85518196910645,9.908781302466377,6.091218697533623,0-0,0,0,0,0.3425166813365627,0.33627191680796154,0.3487614458651637,0.9174957447365117,0.9027799439579928,0,0,90.61660465991058,94.62586024980386,0.0,0.0,0.0,0.0,0.0,0.0,0,0.0,0.0,0.0,0,0,0.3487614458651637,0,0,0,347,72.43978013375103
174,East Tennessee St.,SC,0-0,105.25313200116611,187,106.45221722064335,173,0.4674780092632769,174,20.121897763674948,10.878102236325057,13.182868246864025,6.817131753135972,0-0,0,0,0,0.32485535030530077,0.35805384144001173,0.30659618018120977,0.9191120231220654,0.8749064912143201,0,0,96.98548865989451,102.85011928220058,0.0,0.0,0.0,0.0,0.0,0.0,0,0.0,0.0,0.0,0,0,0.30659618018120977,0,0,0,160,69.59020442111665
175,Western Carolina,SC,0-0,107.3310391265581,137,108.55530064156713,227,0.46743834660167694,175,19.005373578950568,11.994626421049432,13.182165109546379,6.817834890453623,0-0,0,0,0,0.35517455544208876,0.4434918195535928,0.3066000601807616,0.8807808791693448,0.7668849109440078,0,0,91.43743100199923,94.39458299897645,0.0,0.0,0.0,0.0,0.0,0.0,0,0.0,0.0,0.0,0,0,0.3066000601807616,0,0,0,118,71.46956298718847
176,Furman,SC,0-0,105.435341740332,180,106.66128772480732,177,0.466812750770931,176,21.224375928274824,10.775624071725176,13.171070335220104,6.8289296647798965,0-0,0,0,0,0.30699988033606657,0.30756424849668956,0.3066612594396928,0.9385574861928707,0.9304840678239571,0,0,93.71708537248541,99.95889208108014,0.0,0.0,0.0,0.0,0.0,0.0,0,0.0,0.0,0.0,0,0,0.3066612594396928,0,0,0,332,69.47493967948718
177,Cal Baptist,BW,0-0,102.03151373173833,249,103.29675907125593,112,0.46462689315550554,177,16.005607066468475,15.994392933531524,11.16738049335507,10.83261950664493,0-0,0,0,0,0.47039155844203423,0.4920281799629496,0.46055673047798196,0.8659232619543809,0.8108912634005634,0,0,105.37031563216044,106.7780761268097,0.0,0.0,0.0,0.0,0.0,0.0,0,0.0,0.0,0.0,0,0,0.46055673047798196,0,0,0,285,70.90247716179417
178,Texas A&M Corpus Chris,Slnd,0-0,102.21458356058997,247,103.62576099049525,116,0.4606606468937666,178,17.450984778260374,14.549015221739628,13.424668842134142,8.575331157865858,0-0,0,0,0,0.4098039451733877,0.5358655469870497,0.35250321707626864,0.8661964351634777,0.7442539924336543,0,0,97.62703165572294,99.69823602684602,0.0,0.0,0.0,0.0,0.0,0.0,0,0.0,0.0,0.0,0,0,0.35250321707626864,0,0,0,165,69.49119963498043
179,Robert Morris,Horz,0-0,104.12325252011502,206,105.64469659582534,159,0.45839104850840123,179,17.69757443738552,14.30242556261448,12.320502139355458,7.679497860644539,0-0,0,0,0,0.4073351580633788,0.5194068745814051,0.34009212815256307,0.8909079156079068,0.8157128791055265,0,0,101.99176070672893,104.83385760447226,0.0,0.0,0.0,0.0,0.0,0.0,0,0.0,0.0,0.0,0,0,0.34009212815256307,0,0,0,189,68.26973184062058
180,Merrimack,Metro,0-0,102.65023252484559,237,104.15704446326365,124,0.45820214092181777,180,19.745749442693764,11.254250557306243,13.939914053418155,6.060085946581842,0-0,0,0,0,0.3248198307803444,0.4369312279837235,0.2631585623184858,0.9048695657204524,0.8125276428390794,0,0,102.16856291954143,108.95236597866462,0.0,0.0,0.0,0.0,0.0,0.0,0,0.0,0.0,0.0,0,0,0.2631585623184858,0,0,0,337,67.31964116767682
181,Sam Houston St.,CUSA,0-0,105.04451071940179,190,106.60232195252709,176,0.45777756918296736,181,14.97311233416228,17.026887665837727,8.637524188368207,9.362475811631791,0-0,0,0,0,0.490049012968578,0.5002683871924559,0.48210061079445093,0.8347173404110176,0.767628068429021,0,0,97.35046429899522,95.21224181658123,0.0,0.0,0.0,0.0,0.0,0.0,0,0.0,0.0,0.0,0,0,0.48210061079445093,0,0,0,215,73.26209902321138
182,Towson,CAA,0-0,103.15681757320382,226,104.93562370025839,142,0.45100465062637074,182,16.287223866730017,14.712776133269985,9.768859655291442,8.231140344708562,0-0,0,0,0,0.42917102638138455,0.45583223027378844,0.409915712459093,0.8795520621407652,0.8380086680269054,0,0,98.29859452073731,99.80731605133121,0.0,0.0,0.0,0.0,0.0,0.0,0,0.0,0.0,0.0,0,0,0.409915712459093,0,0,0,342,67.2238746015674
183,San Jose St.,MWC,0-0,108.2964947779094,127,110.17823723396643,265,0.4506348527904774,183,13.620070872447469,17.37992912755253,6.078661654502521,11.92133834549748,0-0,0,0,0,0.5367306846251417,0.4072037848059353,0.6302778900501242,0.8398076571209425,0.9043006543503457,0,0,103.29163839986525,101.09733592355816,0.0,0.0,0.0,0.0,0.0,0.0,0,0.0,0.0,0.0,0,0,0.6302778900501242,0,0,0,11,68.65489122828225
184,Green Bay,Horz,0-0,106.25030076011427,162,108.3225635725357,221,0.4446941930572466,184,18.52717959161037,13.47282040838963,11.818140263076558,8.18185973692344,0-0,0,0,0,0.36267933804733243,0.37827647389228,0.3533210565403641,0.9035216354721215,0.8551212525999388,0,0,97.6125972711443,101.88919320184576,0.0,0.0,0.0,0.0,0.0,0.0,0,0.0,0.0,0.0,0,0,0.3533210565403641,0,0,0,127,70.35563328146436
185,Charleston,CAA,0-0,105.98432122964971,168,108.15693799535123,215,0.44192343713066595,185,15.313606852483801,13.686393147516199,9.637005309263898,8.362994690736103,0-0,0,0,0,0.42394831655349513,0.44591449661552846,0.41052453984891935,0.8974879270518449,0.8736608003583206,0,0,98.0467869814962,99.84546864939779,0.0,0.0,0.0,0.0,0.0,0.0,0,0.0,0.0,0.0,0,0,0.41052453984891935,0,0,0,18,70.95395293609586
186,Eastern Washington,BSky,0-0,107.0239443772357,144,109.30252476855841,245,0.43972716496362785,186,17.60672872462022,14.39327127537978,12.758301643799635,7.241698356200364,0-0,0,0,0,0.3907876569415512,0.5327716642869755,0.30559725253429665,0.8809029874275093,0.7765070126844552,0,0,94.32120482022704,96.82958474708909,0.0,0.0,0.0,0.0,0.0,0.0,0,0.0,0.0,0.0,0,0,0.30559725253429665,0,0,0,287,72.16126157755531
187,Vermont,AE,0-0,105.91593201650579,170,108.2510779553397,219,0.4376295905924218,187,21.18534146183309,11.814658538166915,11.798148104365984,4.201851895634017,0-0,0,0,0,0.3007326433525558,0.3879772531735826,0.2080352454177146,0.9248366838787246,0.8848677929770035,0,0,95.43744109707372,102.27555152948078,0.0,0.0,0.0,0.0,0.0,0.0,0,0.0,0.0,0.0,0,0,0.2080352454177146,0,0,0,147,68.38649875008319
188,Hampton,CAA,0-0,106.12292993030914,166,108.53481249276328,226,0.4357478174020684,188,18.602822746161195,13.397177253838805,9.877088743821826,8.122911256178172,0-0,0,0,0,0.35948485875599995,0.3202179639141926,0.39002577696629437,0.9083499109853119,0.8952327630017105,0,0,93.62206541854309,97.69368768240717,0.0,0.0,0.0,0.0,0.0,0.0,0,0.0,0.0,0.0,0,0,0.39002577696629437,0,0,0,307,70.37157800026114
189,American,Pat,0-0,105.2911300521458,185,107.78556918677415,207,0.43308682655455116,189,19.712368026898808,12.28763197310119,13.253678089451734,4.746321910548267,0-0,0,0,0,0.3372573936215438,0.5031025506088095,0.20826671596478163,0.8824996185116497,0.7749896501013199,0,0,98.8699020922946,105.18011130285018,0.0,0.0,0.0,0.0,0.0,0.0,0,0.0,0.0,0.0,0,0,0.20826671596478163,0,0,0,169,70.23472218142588
190,Massachusetts,MAC,0-0,103.03329818719396,229,105.58832368885064,156,0.43003726622926064,190,15.687667541151857,15.312332458848143,9.919693087124958,12.080306912875042,0-0,0,0,0,0.44280693152964246,0.33512101277161005,0.48686026193065585,0.8930690144762917,0.9149089434995695,0,0,102.22072344677578,104.20381098715671,0.0,0.0,0.0,0.0,0.0,0.0,0,0.0,0.0,0.0,0,0,0.48686026193065585,0,0,0,297,73.32807155195147
191,Cal St. Fullerton,BW,0-0,104.38220017354456,200,107.00263653684638,187,0.4291954205933241,191,15.928037853382117,16.071962146617885,10.431198637877008,11.568801362122992,0-0,0,0,0,0.44304766985768146,0.3975921530572525,0.46370926840333104,0.8634026106872521,0.8051983798384524,0,0,98.67249112381386,99.47748006127439,0.0,0.0,0.0,0.0,0.0,0.0,0,0.0,0.0,0.0,0,0,0.46370926840333104,0,0,0,184,75.73239559121137
192,Bethune Cookman,SWAC,0-0,104.34449803563697,201,107.08774798794005,191,0.4259406746411432,192,16.81977398350406,15.18022601649594,13.637706364975115,4.362293635024889,0-0,0,0,0,0.4120818518304262,0.7072868473494498,0.18247796642674136,0.8124086631321423,0.6089785497392428,0,0,100.34066509778748,103.11104324852005,0.0,0.0,0.0,0.0,0.0,0.0,0,0.0,0.0,0.0,0,0,0.18247796642674136,0,0,0,87,72.27504190747773
193,Ohio,MAC,0-0,106.3921024847385,158,109.20627512994076,241,0.425500639402329,193,15.359670697008207,15.640329302991793,9.822786511006337,12.177213488993663,0-0,0,0,0,0.44253930075536557,0.33321187627801135,0.4872641562233742,0.8830824428238752,0.8808314997213075,0,0,99.32119972644402,100.19005876358042,0.0,0.0,0.0,0.0,0.0,0.0,0,0.0,0.0,0.0,0,0,0.4872641562233742,0,0,0,141,72.17450176568754
194,Columbia,Ivy,0-0,105.30024367395225,184,108.14523252281495,213,0.42394916316999925,194,17.323010718625625,11.676989281374372,6.955516847801421,7.044483152198579,0-0,0,0,0,0.34929796599247587,0.2700435802538524,0.4342133792838579,0.9015108348800509,0.90015692344571,0,0,95.56939686840029,100.40970676142761,0.0,0.0,0.0,0.0,0.0,0.0,0,0.0,0.0,0.0,0,0,0.4342133792838579,0,0,0,72,71.14947670191869
195,East Carolina,Amer,0-0,105.40475968499965,182,108.29435194216515,220,0.4228658163266519,195,15.015934165496324,14.984065834503674,6.673589699964638,11.326410300035361,0-0,0,0,0,0.4564753658965423,0.2851047926835484,0.570722414705205,0.8812523541961162,0.952418595950824,0,0,99.30229455819465,99.89254040807018,0.0,0.0,0.0,0.0,0.0,0.0,0,0.0,0.0,0.0,0,0,0.570722414705205,0,0,0,19,71.91635608355503
196,Arkansas St.,SB,0-0,103.9948212522716,210,106.85827939496346,184,0.4225370447850191,196,18.913527106604562,12.086472893395438,9.221454717469225,6.778545282530776,0-0,0,0,0,0.3335403599423536,0.3142359961705591,0.3516382009784106,0.9184985646150706,0.9080186243545457,0,0,95.98003402710933,101.50100293944467,0.0,0.0,0.0,0.0,0.0,0.0,0,0.0,0.0,0.0,0,0,0.3516382009784106,0,0,0,283,72.75130781617742
197,William & Mary,CAA,0-0,104.72507818639764,194,107.75821912703842,206,0.41864433541861845,197,16.69175494447963,15.30824505552037,9.130761144833027,8.86923885516697,0-0,0,0,0,0.4094193439751781,0.3993117223465459,0.41728082746411405,0.8810130009322669,0.8442226185821622,0,0,95.81079633787581,97.30839971992272,0.0,0.0,0.0,0.0,0.0,0.0,0,0.0,0.0,0.0,0,0,0.41728082746411405,0,0,0,178,73.36361604267947
198,Yale,Ivy,0-0,104.73536555062398,193,107.92942364328249,210,0.4144818702473016,198,14.777140412386714,14.222859587613286,6.8204975646849535,7.179502435315047,0-0,0,0,0,0.42195099966364863,0.4092694733914935,0.4355383492409578,0.883497306158403,0.8657235602226265,0,0,94.4126299267755,95.18794172867682,0.0,0.0,0.0,0.0,0.0,0.0,0,0.0,0.0,0.0,0,0,0.4355383492409578,0,0,0,296,68.42745439493729
199,Northern Colorado,BSky,0-0,103.4607799185656,220,106.81425825195552,183,0.40930567515845334,199,18.259568652818388,12.74043134718161,12.191163378881742,7.80883662111826,0-0,0,0,0,0.33637342922072605,0.38691248869759215,0.3085769465084497,0.9054597691611957,0.8379675424233166,0,0,89.78132431286238,93.7642670185919,0.0,0.0,0.0,0.0,0.0,0.0,0,0.0,0.0,0.0,0,0,0.3085769465084497,0,0,0,69,71.78181420202314
200,Southern Miss,SB,0-0,104.07075306213952,209,107.4824373426647,201,0.40831161808897626,200,14.96029448397962,14.039705516020378,8.969326802402056,7.030673197597943,0-0,0,0,0,0.41115705806444375,0.4796327293038993,0.35552057518238617,0.8827171059852262,0.8224945033944533,0,0,100.60679072950465,103.23877355196652,0.0,0.0,0.0,0.0,0.0,0.0,0,0.0,0.0,0.0,0,0,0.35552057518238617,0,0,0,56,72.35127219461512
201,Montana,BSky,0-0,103.82582392989409,212,107.74524546627367,205,0.3950505696014061,201,17.7202504643709,14.279749535629103,11.917249159051899,8.082750840948101,0-0,0,0,0,0.36192041457888235,0.44849677422003825,0.309974598794189,0.8907795122750466,0.8051523725563449,0,0,93.93384893955702,97.51658963557583,0.0,0.0,0.0,0.0,0.0,0.0,0,0.0,0.0,0.0,0,0,0.309974598794189,0,0,0,97,72.7167531802725
202,Lamar,Slnd,0-0,103.00824443745788,230,107.06929786410618,190,0.39062798919473685,202,17.303963192869958,14.696036807130042,12.026881885327555,9.973118114672445,0-0,0,0,0,0.3642497908308006,0.3763726806404612,0.35873938637186414,0.9080850122913802,0.8827384257477888,0,0,96.22943956334659,100.6013780780361,0.0,0.0,0.0,0.0,0.0,0.0,0,0.0,0.0,0.0,0,0,0.35873938637186414,0,0,0,207,70.71495063381816
203,UT Rio Grande Valley,Slnd,0-0,100.89454970152966,275,104.95267448816097,143,0.38853210814011596,203,16.259857831789745,15.740142168210253,11.98328927079549,10.01671072920451,0-0,0,0,0,0.4007498874812805,0.492761722198935,0.35892632624598303,0.8820027121386514,0.7993960582877004,0,0,97.28954236199611,99.96823004172444,0.0,0.0,0.0,0.0,0.0,0.0,0,0.0,0.0,0.0,0,0,0.35892632624598303,0,0,0,328,71.02845439209463
204,Marist,Metro,0-0,99.84293083424797,303,103.89320388891437,120,0.3876265095751997,204,19.27221315149613,11.727786848503868,12.865490268879434,7.134509731120571,0-0,0,0,0,0.29199818930243115,0.35084901914793576,0.2596302328874035,0.9128847590381745,0.8370525560093552,0,0,95.21259691357041,102.67481475267799,0.0,0.0,0.0,0.0,0.0,0.0,0,0.0,0.0,0.0,0,0,0.2596302328874035,0,0,0,338,69.76717251238165
205,UTSA,Amer,0-0,107.4246694281473,135,111.83550800465318,307,0.38633329515256615,205,11.627105264276276,17.372894735723722,5.996166622543656,12.003833377456344,0-0,0,0,0,0.5152090602727664,0.41179902636878435,0.5784040809918665,0.8444497867171876,0.8653638394048695,0,0,106.42478422939831,105.93980134893873,0.0,0.0,0.0,0.0,0.0,0.0,0,0.0,0.0,0.0,0,0,0.5784040809918665,0,0,0,49,72.10630179593684
206,Bradley,MVC,0-0,102.47337145058381,240,106.68127039789422,178,0.38632409937494566,206,13.785322218529355,17.214677781470645,7.512511039342081,12.487488960657917,0-0,0,0,0,0.4729143185096587,0.368021003928828,0.5306056415291154,0.8739944697892327,0.8994713495921621,0,0,98.87695053390922,98.97051995796105,0.0,0.0,0.0,0.0,0.0,0.0,0,0.0,0.0,0.0,0,0,0.5306056415291154,0,0,0,310,70.6939063555142
207,Idaho,BSky,0-0,102.31441356911117,245,106.55226948027357,174,0.38539082035629757,207,18.63344187099561,13.366558129004389,11.72844896164515,8.27155103835485,0-0,0,0,0,0.3306643075874392,0.3635676278238385,0.3109223154455995,0.9144762051504504,0.8688090166876744,0,0,90.19175315245273,94.6167427291662,0.0,0.0,0.0,0.0,0.0,0.0,0,0.0,0.0,0.0,0,0,0.3109223154455995,0,0,0,120,70.89023802476491
208,Queens,ASun,0-0,105.61258627372973,175,110.00980532527268,263,0.3848275292285368,208,16.44199956258539,15.558000437414611,9.106725552692932,4.893274447307068,0-0,0,0,0,0.39280987291987307,0.5021930290071122,0.2521743865219941,0.8554014136086887,0.7765417921814545,0,0,104.91613149103559,108.9761133739931,0.0,0.0,0.0,0.0,0.0,0.0,0,0.0,0.0,0.0,0,0,0.2521743865219941,0,0,0,351,72.70357503635267
209,Central Michigan,MAC,0-0,104.16200396904532,205,108.5885733401112,229,0.38257903367164176,209,12.918952352490296,18.081047647509703,8.898621002836514,13.101378997163485,0-0,0,0,0,0.4868847602330775,0.476606166117598,0.49108963964395547,0.8506387576063622,0.7719380136432832,0,0,100.31644332032599,99.22528840771437,0.0,0.0,0.0,0.0,0.0,0.0,0,0.0,0.0,0.0,0,0,0.49108963964395547,0,0,0,344,71.22528193783307
210,Tennessee St.,OVC,0-0,103.00636401831085,231,107.43477750003342,200,0.3812911735148267,210,16.655652589312652,9.344347410687348,10.868340930552753,5.131659069447248,0-0,0,0,0,0.28029937085821366,0.37435681680147,0.22151346714367848,0.9086899903302821,0.8199736492287137,0,0,89.1247247987237,95.81209372129473,0.0,0.0,0.0,0.0,0.0,0.0,0,0.0,0.0,0.0,0,0,0.22151346714367848,0,0,0,345,72.21850395009274
211,Colgate,Pat,0-0,104.26010476723545,203,108.76990149122864,234,0.3806058449088569,211,18.593924004215403,13.406075995784603,12.444022369361255,5.555977630638746,0-0,0,0,0,0.325738429118439,0.46942403975456926,0.2139829541792265,0.8896577257322653,0.7936136296651092,0,0,95.7964139329833,101.66322869828355,0.0,0.0,0.0,0.0,0.0,0.0,0,0.0,0.0,0.0,0,0,0.2139829541792265,0,0,0,315,70.35207993332067
212,Portland St.,BSky,0-0,103.82528425067281,213,108.37442651478392,222,0.37915176933104844,212,17.81224813030814,14.187751869691857,11.605079738268588,8.39492026173141,0-0,0,0,0,0.3441747560253352,0.39857481625180086,0.31153471988945564,0.9024189253778444,0.8369510413291633,0,0,90.04085001519312,93.73844082254436,0.0,0.0,0.0,0.0,0.0,0.0,0,0.0,0.0,0.0,0,0,0.31153471988945564,0,0,0,313,71.15969309365181
213,UT Arlington,UAC,0-0,101.5660444266806,261,106.03782409129306,167,0.3785997567315697,213,18.214049623509098,14.785950376490906,8.44170341023466,7.55829658976534,0-0,0,0,0,0.35425246385100473,0.34881428465416275,0.36003052924764933,0.9045185879638329,0.8818834505083362,0,0,91.7804804753012,95.10161779960933,0.0,0.0,0.0,0.0,0.0,0.0,0,0.0,0.0,0.0,0,0,0.36003052924764933,0,0,0,6,68.49065716796842
214,Louisiana,SB,0-0,103.06411111866589,228,107.66402539768873,204,0.3770381038252899,214,14.860289818219059,15.13971018178094,8.473748634718806,7.526251365281196,0-0,0,0,0,0.4048983009598391,0.4583678029445369,0.3581124867232283,0.8876305331853659,0.8393678206268441,0,0,97.54651694990815,99.85211819401327,0.0,0.0,0.0,0.0,0.0,0.0,0,0.0,0.0,0.0,0,0,0.3581124867232283,0,0,0,331,70.08697569667709
215,Cal St. Northridge,BW,0-0,102.14203504137592,248,106.7082664673909,181,0.37684900478669836,215,14.464692972888662,17.53530702711134,9.32250255917884,12.677497440821162,0-0,0,0,0,0.44926888952435523,0.40723523980683335,0.4683750939414107,0.8785808276376895,0.8568976353307495,0,0,98.83828396138347,99.71155782105278,0.0,0.0,0.0,0.0,0.0,0.0,0,0.0,0.0,0.0,0,0,0.4683750939414107,0,0,0,255,76.26250161828447
216,Georgia St.,SB,0-0,106.56954433165265,157,111.35518440038024,294,0.37632821040996867,216,17.091976936954,13.908023063045997,9.936789297041695,8.063210702958305,0-0,0,0,0,0.35298418288355826,0.37551726000983526,0.3367102938479137,0.9155059183341357,0.8905505600273405,0,0,96.49781814980288,101.33117637131117,0.0,0.0,0.0,0.0,0.0,0.0,0,0.0,0.0,0.0,0,0,0.3367102938479137,0,0,0,359,71.48148289013467
217,New Orleans,Slnd,0-0,104.62075128823983,198,109.55553563408793,254,0.3705095928363556,217,16.698227243126595,15.301772756873406,11.603587271165683,10.396412728834317,0-0,0,0,0,0.38550936127662866,0.44045334291434085,0.3605348241685777,0.8544587884931056,0.7122705203779959,0,0,96.7033361934679,99.38987062354367,0.0,0.0,0.0,0.0,0.0,0.0,0,0.0,0.0,0.0,0,0,0.3605348241685777,0,0,0,5,72.42291009542502
218,Northern Kentucky,Horz,0-0,102.2402145285482,246,107.20124152237551,195,0.36704810185411785,218,16.888139791310262,15.111860208689741,10.363952593511982,9.636047406488016,0-0,0,0,0,0.363358646465674,0.3764075676768745,0.3555292937389539,0.9057317670407742,0.8631060202095577,0,0,98.02775030527864,102.36985509420272,0.0,0.0,0.0,0.0,0.0,0.0,0,0.0,0.0,0.0,0,0,0.3555292937389539,0,0,0,257,73.15907177843093
219,Longwood,BSth,0-0,103.35266163182459,222,108.37496701245016,223,0.3668681789409361,219,18.705867453409738,13.294132546590266,9.204959563332746,6.795040436667252,0-0,0,0,0,0.31482129657474156,0.3125780131581101,0.317064579991373,0.915760707860525,0.9089953450410437,0,0,92.65956655776645,99.27117555249865,0.0,0.0,0.0,0.0,0.0,0.0,0,0.0,0.0,0.0,0,0,0.317064579991373,0,0,0,124,71.6595546865155
220,Buffalo,MAC,0-0,104.20460096036189,204,109.29434850975701,244,0.36623183667715276,220,13.467399736950592,17.53260026304941,8.542520502315323,13.457479497684677,0-0,0,0,0,0.45412145812129073,0.36018722172061834,0.4925491002852023,0.8834624727084609,0.8860076957805851,0,0,99.55419433555393,100.15871533449089,0.0,0.0,0.0,0.0,0.0,0.0,0,0.0,0.0,0.0,0,0,0.4925491002852023,0,0,0,65,70.0089169872025
221,Oakland,Horz,0-0,103.35338836553305,221,108.42890035002173,224,0.3655589563185918,221,11.512025205470685,20.487974794529315,10.360893410302074,9.639106589697924,0-0,0,0,0,0.5330260072933138,0.8325892683651128,0.3532880506502346,0.7712164111625173,0.5008708511064475,0,0,108.05488985056449,105.14134070730334,0.0,0.0,0.0,0.0,0.0,0.0,0,0.0,0.0,0.0,0,0,0.3532880506502346,0,0,0,82,73.16228748073715
222,Jacksonville St.,CUSA,0-0,102.66333306447589,236,107.78837372317508,208,0.36349656816532494,222,14.22350623465431,17.77649376534569,8.130614093607793,11.869385906392205,0-0,0,0,0,0.4496614718391141,0.4143271255863675,0.47086207959076204,0.876379960144931,0.8525567726488616,0,0,98.88233777304445,99.24948117942046,0.0,0.0,0.0,0.0,0.0,0.0,0,0.0,0.0,0.0,0,0,0.47086207959076204,0,0,0,123,68.74399757173362
223,Jacksonville,ASun,0-0,105.58886524808307,176,110.96560294041001,286,0.3609658618007525,223,16.39699042689973,14.603009573100268,8.774320585386878,5.225679414613123,0-0,0,0,0,0.3827870029342484,0.48759312096160473,0.25552243104388694,0.8419906516213788,0.7482259648974413,0,0,92.04168304584564,93.68433021261652,0.0,0.0,0.0,0.0,0.0,0.0,0,0.0,0.0,0.0,0,0,0.25552243104388694,0,0,0,298,67.33773898924639
224,Tennessee Tech,SC,0-0,105.40937188929723,181,110.78684998645537,282,0.36072930542680615,224,17.133965679260694,14.866034320739306,11.156007897441697,8.843992102558305,0-0,0,0,0,0.35766459839661946,0.42534065272004634,0.31705896580256343,0.8882429619571538,0.8017624723049649,0,0,94.9271780234769,98.50039848786348,0.0,0.0,0.0,0.0,0.0,0.0,0,0.0,0.0,0.0,0,0,0.31705896580256343,0,0,0,67,71.58696496587469
225,Winthrop,BSth,0-0,104.65751254942705,196,110.10579919463527,264,0.3581029245972146,225,17.890626067517438,14.10937393248256,9.070166749158513,6.929833250841487,0-0,0,0,0,0.3381958098155253,0.35825014149501483,0.3181414781360357,0.8895088816578077,0.8567876997457491,0,0,90.80782173150197,94.7939210680558,0.0,0.0,0.0,0.0,0.0,0.0,0,0.0,0.0,0.0,0,0,0.3181414781360357,0,0,0,145,73.09137419305137
226,Lipscomb,ASun,0-0,102.8749852629974,232,108.24649316965781,218,0.3577118566170189,226,16.89045244696097,15.109547553039027,8.727847555453723,5.272152444546275,0-0,0,0,0,0.36647591865250484,0.45241762798043955,0.25597943523087424,0.8715667449325292,0.8061117787716564,0,0,98.0050057058532,102.01833280354333,0.0,0.0,0.0,0.0,0.0,0.0,0,0.0,0.0,0.0,0,0,0.25597943523087424,0,0,0,100,71.94174389595555
227,Cornell,Ivy,0-0,105.54482101326732,178,111.17688941605735,289,0.3548360805646102,227,13.440309918888834,15.559690081111166,5.949664721387315,8.050335278612684,0-0,0,0,0,0.4195746133623354,0.3968694893604422,0.44390153193579257,0.8686466848653445,0.8392831824370416,0,0,97.38311896503764,99.02316069983875,0.0,0.0,0.0,0.0,0.0,0.0,0,0.0,0.0,0.0,0,0,0.44390153193579257,0,0,0,244,73.21658350335686
228,Monmouth,CAA,0-0,101.67166644649674,256,107.09731806205286,192,0.3548296410677124,228,12.566812881236164,19.433187118763833,8.38169920220705,9.61830079779295,0-0,0,0,0,0.4774906493243279,0.5831370281800652,0.39532124354764325,0.8523566263613224,0.7615711468893412,0,0,105.40158534228206,105.67639468969439,0.0,0.0,0.0,0.0,0.0,0.0,0,0.0,0.0,0.0,0,0,0.39532124354764325,0,0,0,252,70.37182268267965
229,Samford,SC,0-0,104.69790155588939,195,110.38034829423415,274,0.3525589421222457,229,17.633962332870965,14.366037667129035,10.987914345541522,9.012085654458478,0-0,0,0,0,0.33438109043359826,0.3619123044376398,0.31786236203117335,0.9088969202354625,0.8572024760677032,0,0,91.19869270154663,95.4459674118749,0.0,0.0,0.0,0.0,0.0,0.0,0,0.0,0.0,0.0,0,0,0.31786236203117335,0,0,0,24,71.30058703316085
230,Howard,MEAC,0-0,100.73926360790827,280,106.24690349532807,171,0.35156996241577015,230,17.151798834581776,8.848201165418223,11.23712141737824,2.7628785826217594,0-0,0,0,0,0.23454203133998883,0.3783048458218227,0.1113167617841312,0.9455207463834353,0.9003206733628487,0,0,94.59617136726546,106.76413207393956,0.0,0.0,0.0,0.0,0.0,0.0,0,0.0,0.0,0.0,0,0,0.1113167617841312,0,0,0,350,72.26334406265366
231,Presbyterian,BSth,0-0,102.46682223849797,241,108.12039459959203,212,0.3503223539214531,231,13.471596159669463,14.528403840330538,8.94877129828611,7.051228701713891,0-0,0,0,0,0.3994197703873942,0.5065154769585554,0.3190979904590232,0.868405641882591,0.7969832254833502,0,0,100.98166318002991,104.19021003288647,0.0,0.0,0.0,0.0,0.0,0.0,0,0.0,0.0,0.0,0,0,0.3190979904590232,0,0,0,60,67.93402226877994
232,Indiana St.,MVC,0-0,102.80011513021873,233,108.4872626895405,225,0.34995604258270224,232,12.016629293995384,17.983370706004617,6.825815002677876,13.174184997322124,0-0,0,0,0,0.4935361876889057,0.4122508802330338,0.5341788414168416,0.8480789003806788,0.8262652807994272,0,0,99.45212715585305,98.00442451083136,0.0,0.0,0.0,0.0,0.0,0.0,0,0.0,0.0,0.0,0,0,0.5341788414168416,0,0,0,219,72.58999232192463
233,Brown,Ivy,0-0,99.54584529924938,305,105.11037388501623,148,0.34852799797710604,233,15.41854246439937,13.58145753560063,5.855242758851267,8.144757241148731,0-0,0,0,0,0.34021259664719494,0.24260890473707422,0.4447879808366103,0.9260252987838953,0.950436613678231,0,0,95.73886820969669,101.12026463022599,0.0,0.0,0.0,0.0,0.0,0.0,0,0.0,0.0,0.0,0,0,0.4447879808366103,0,0,0,269,70.4356938388335
234,Fairfield,Metro,0-0,101.87405178692399,250,107.59594160812898,203,0.34786771466675226,234,18.455265662062725,12.544734337937276,11.992729672939769,8.007270327060235,0-0,0,0,0,0.28657697748742345,0.3200807688451016,0.2681498922407004,0.9265426165508425,0.8801111001685792,0,0,97.75551818272004,106.282732747076,0.0,0.0,0.0,0.0,0.0,0.0,0,0.0,0.0,0.0,0,0,0.2681498922407004,0,0,0,175,70.51254444501555
235,Coastal Carolina,SB,0-0,103.63735441141199,217,109.4632013571954,250,0.3477504884498116,235,15.846136813707478,15.153863186292522,8.7862180116583,8.2137819883417,0-0,0,0,0,0.37401850310758883,0.41394241671872095,0.34113998601606826,0.8768205877925204,0.8121644358553252,0,0,97.54440878397025,100.85852769092104,0.0,0.0,0.0,0.0,0.0,0.0,0,0.0,0.0,0.0,0,0,0.34113998601606826,0,0,0,130,71.0680757404812
236,Quinnipiac,Metro,0-0,100.53308657968915,285,106.3767350979376,172,0.34304586379847885,236,17.17433765565801,13.82566234434199,11.919136880769976,8.080863119230024,0-0,0,0,0,0.3204119872167484,0.41770435566283926,0.26690118457139833,0.9065947520016531,0.8204712690753947,0,0,98.69950636968046,105.43384326318602,0.0,0.0,0.0,0.0,0.0,0.0,0,0.0,0.0,0.0,0,0,0.26690118457139833,0,0,0,134,73.24848538875804
237,Rice,Amer,0-0,103.16006059020995,225,109.2091623640832,242,0.3417946711655032,237,12.763214129786911,19.236785870213087,5.322600202646498,12.677399797353502,0-0,0,0,0,0.4815517182841087,0.3597326635558767,0.5762998719616224,0.8704564270953876,0.9101460808120411,0,0,99.77960504228876,99.40602399289804,0.0,0.0,0.0,0.0,0.0,0.0,0,0.0,0.0,0.0,0,0,0.5762998719616224,0,0,0,228,71.02812032704976
238,Elon,CAA,0-0,105.19445359377352,189,111.38421552273758,295,0.3412984880500893,238,14.579927155981252,17.420072844018748,7.9343292644963626,10.065670735503637,0-0,0,0,0,0.4170993688322205,0.42256681559925935,0.4128469102356347,0.8827906512538269,0.8463806420562008,0,0,98.89805041280255,100.83153203370748,0.0,0.0,0.0,0.0,0.0,0.0,0,0.0,0.0,0.0,0,0,0.4128469102356347,0,0,0,334,70.3068943664769
239,Stony Brook,CAA,0-0,103.21180833476691,224,109.33891915056677,246,0.3400222404362488,239,16.62707212616796,15.37292787383204,8.239637209426627,9.76036279057337,0-0,0,0,0,0.35634426012885856,0.3083355751552241,0.3936843484416854,0.903870373477659,0.8868648364675497,0,0,93.56637958567251,97.55680211898252,0.0,0.0,0.0,0.0,0.0,0.0,0,0.0,0.0,0.0,0,0,0.3936843484416854,0,0,0,105,69.71182130563831
240,Detroit Mercy,Horz,0-0,105.19946285609751,188,111.46653011008576,299,0.3395139448011642,240,13.081862339051499,15.9181376609485,9.622092377079722,10.377907622920278,0-0,0,0,0,0.4212968632547584,0.5469969202899077,0.36473183758894134,0.8543554141117768,0.6864268399206397,0,0,98.86683681143147,99.76007196224185,0.0,0.0,0.0,0.0,0.0,0.0,0,0.0,0.0,0.0,0,0,0.36473183758894134,0,0,0,259,71.37455674149324
241,Old Dominion,SB,0-0,103.30127608499043,223,109.59491896577359,255,0.33623345567443264,241,16.40380767597782,14.59619232402218,8.668505017509606,8.331494982490394,0-0,0,0,0,0.34872244721556195,0.366311764200694,0.3342371273454529,0.8987816598941242,0.854921202395056,0,0,96.73219619682811,101.25778941890127,0.0,0.0,0.0,0.0,0.0,0.0,0,0.0,0.0,0.0,0,0,0.3342371273454529,0,0,0,77,71.5222198899833
242,Missouri St.,CUSA,0-0,100.89667351252967,274,107.06369448948752,189,0.3357570352068853,242,12.653094212483538,17.34690578751646,6.4296368824831625,11.570363117516838,0-0,0,0,0,0.45297320600177443,0.38933054656955474,0.4954016456232544,0.8848654542088712,0.8878288965584092,0,0,95.42259436273412,95.19263728695186,0.0,0.0,0.0,0.0,0.0,0.0,0,0.0,0.0,0.0,0,0,0.4954016456232544,0,0,0,249,70.28990653056482
243,Northern Illinois,Horz,0-0,105.96255663391426,169,112.54286638820437,324,0.33339793234428255,243,14.50385742000653,17.496142579993474,9.526399553048904,10.473600446951096,0-0,0,0,0,0.39802220762253626,0.45597938332979215,0.3632479021981828,0.8734266678908877,0.77836656175253,0,0,101.29326414136693,104.2832352096393,0.0,0.0,0.0,0.0,0.0,0.0,0,0.0,0.0,0.0,0,0,0.3632479021981828,0,0,0,186,71.35132808742705
244,Northeastern,CAA,0-0,105.28902822023525,186,111.8583073042274,309,0.3326945699540976,244,12.73482912378259,20.26517087621741,8.040986117102785,9.959013882897215,0-0,0,0,0,0.4715987946377937,0.5597466082151279,0.3981422833233485,0.8510704640089483,0.774614279473498,0,0,105.44189124985779,106.13196888265094,0.0,0.0,0.0,0.0,0.0,0.0,0,0.0,0.0,0.0,0,0,0.3981422833233485,0,0,0,96,72.92745852859723
245,Milwaukee,Horz,0-0,103.47204062836738,219,109.98368335539112,261,0.33140180572425126,245,12.602979070447907,19.39702092955209,9.470586092586297,10.529413907413703,0-0,0,0,0,0.4621856066638164,0.62464931089287,0.36470738412638437,0.8400118449705246,0.6910652297952984,0,0,103.24256924977848,103.27044016870285,0.0,0.0,0.0,0.0,0.0,0.0,0,0.0,0.0,0.0,0,0,0.36470738412638437,0,0,0,54,71.02593359424196
246,Southeast Missouri St.,OVC,0-0,100.54248972486465,284,106.94393785791516,186,0.32963644930254565,246,17.891288485561386,13.108711514438614,10.032730587727336,5.967269412272665,0-0,0,0,0,0.2949833018824011,0.366577808090587,0.22786345231222696,0.9154277128288525,0.8653018091499436,0,0,88.36273424133459,94.28550599925846,0.0,0.0,0.0,0.0,0.0,0.0,0,0.0,0.0,0.0,0,0,0.22786345231222696,0,0,0,190,72.21580732990297
247,Oral Roberts,Sum,0-0,103.83259153080513,211,110.6278562990563,277,0.32541240910635333,247,14.328626199005646,15.671373800994353,7.286220624383757,6.713779375616241,0-0,0,0,0,0.40485187109708615,0.477414488928913,0.3219231650035702,0.8506772935291355,0.7751827456387234,0,0,91.57166148385804,92.1220084853401,0.0,0.0,0.0,0.0,0.0,0.0,0,0.0,0.0,0.0,0,0,0.3219231650035702,0,0,0,258,71.41083569692135
248,Abilene Christian,UAC,0-0,100.13488160135677,294,106.69102419432323,179,0.3253444478911113,248,16.703883034586788,15.296116965413212,7.518527532886226,8.481472467113774,0-0,0,0,0,0.3405319808447977,0.3144848915935117,0.36657907009608365,0.9213027170119549,0.915792637542204,0,0,91.0601305926837,94.98754969673195,0.0,0.0,0.0,0.0,0.0,0.0,0,0.0,0.0,0.0,0,0,0.36657907009608365,0,0,0,149,70.86088941994988
249,Iona,Metro,0-0,102.35313473719287,243,109.14840373601768,240,0.323175941423369,249,16.310930669488076,15.689069330511924,11.287416105926795,8.712583894073207,0-0,0,0,0,0.3434361459808734,0.45573959649972684,0.2760540756695612,0.9001609680094999,0.8166488900211667,0,0,102.24353246333979,108.769458804135,0.0,0.0,0.0,0.0,0.0,0.0,0,0.0,0.0,0.0,0,0,0.2760540756695612,0,0,0,303,71.84634400073885
250,Denver,WCC,0-0,105.90061230890038,172,113.29714948627529,340,0.31509645861176394,250,10.85228569146719,21.147714308532805,4.513516984652167,11.486483015347835,0-0,0,0,0,0.5008823062172116,0.44118552632104774,0.5605790861133756,0.8457125798775198,0.8371467339278759,0,0,100.02742648319402,98.33656077584234,0.0,0.0,0.0,0.0,0.0,0.0,0,0.0,0.0,0.0,0,0,0.5605790861133756,0,0,0,40,71.50668861996625
251,Southern Illinois,MVC,0-0,97.62023523973986,326,104.4839836615927,131,0.31401534163513795,251,10.962278581571207,19.037721418428795,6.138626155474333,13.86137384452567,0-0,0,0,0,0.4849606533315805,0.3794415783712832,0.5377201908117293,0.8733585936097398,0.9039123606162828,0,0,102.5383506839216,102.40412091045117,0.0,0.0,0.0,0.0,0.0,0.0,0,0.0,0.0,0.0,0,0,0.5377201908117293,0,0,0,360,72.21298483207481
252,Little Rock,UAC,0-0,103.64062963658523,216,111.00850127984305,287,0.3122138504798458,252,14.993310178006425,17.00668982199358,7.280517410384246,8.719482589615753,0-0,0,0,0,0.37901271313630913,0.3898271740514652,0.3681982522211529,0.8954873922948122,0.8645623411395104,0,0,97.63722299793645,101.14372409500763,0.0,0.0,0.0,0.0,0.0,0.0,0,0.0,0.0,0.0,0,0,0.3681982522211529,0,0,0,34,71.2755606602113
253,SIU Edwardsville,OVC,0-0,98.75733259753852,320,105.93547911742576,164,0.3085530781141863,253,18.08723079708436,12.912769202915642,9.662080852315276,6.337919147684723,0-0,0,0,0,0.27453810594441164,0.3215512776950718,0.23046325742816767,0.9160295243196296,0.8672317968044744,0,0,88.57079567514059,94.95274434590638,0.0,0.0,0.0,0.0,0.0,0.0,0,0.0,0.0,0.0,0,0,0.23046325742816767,0,0,0,322,68.1228446878957
254,Mercer,SC,0-0,101.50923638757283,262,108.93894762684212,238,0.307393163112124,254,14.120522329282535,16.87947767071746,10.01703039738352,9.98296960261648,0-0,0,0,0,0.38927173109540053,0.5110138574167,0.32231356161868574,0.8755628844365941,0.760618067077587,0,0,98.32046342010845,101.55743318820622,0.0,0.0,0.0,0.0,0.0,0.0,0,0.0,0.0,0.0,0,0,0.32231356161868574,0,0,0,316,72.56859000984383
255,Long Beach St.,BW,0-0,104.62464643163449,197,112.28854879322654,320,0.30725871741477573,255,10.4448597592137,21.555140240786297,7.79285666573276,14.207143334267242,0-0,0,0,0,0.5039948898432433,0.5686553559123918,0.4746037689027212,0.8582072497180225,0.7952904122221774,0,0,105.97287495636965,105.65995223166215,0.0,0.0,0.0,0.0,0.0,0.0,0,0.0,0.0,0.0,0,0,0.4746037689027212,0,0,0,234,70.98568847100665
256,Southeastern Louisiana,Slnd,0-0,101.14532120531535,268,108.68002603619757,232,0.3044339651684691,256,11.461890934321575,20.538109065678427,10.125946069586213,11.874053930413789,0-0,0,0,0,0.477881426262896,0.7230280241339991,0.3664511545033036,0.8360721619499155,0.6568034350777097,0,0,104.89379598979106,105.52378432408756,0.0,0.0,0.0,0.0,0.0,0.0,0,0.0,0.0,0.0,0,0,0.3664511545033036,0,0,0,74,69.04203898942365
257,Delaware,CUSA,0-0,103.61561601818292,218,111.39489977773198,297,0.3031114055122947,257,13.146352087519439,18.85364791248056,5.816967557807709,12.18303244219229,0-0,0,0,0,0.43627310615651677,0.3556501488494529,0.49897985072867773,0.8777652496941645,0.8723161060058373,0,0,95.63115291970519,96.09093603713778,0.0,0.0,0.0,0.0,0.0,0.0,0,0.0,0.0,0.0,0,0,0.49897985072867773,0,0,0,171,66.99515714744142
258,Lehigh,Pat,0-0,100.97743662266316,272,108.64674416064943,231,0.3011445696281624,258,17.33047347210183,13.669526527898169,11.023583374647433,6.976416625352567,0-0,0,0,0,0.2941792342912407,0.39318265910225086,0.22267676081662235,0.9230914896221539,0.8690968842008312,0,0,95.08268767022261,102.66653965066857,0.0,0.0,0.0,0.0,0.0,0.0,0,0.0,0.0,0.0,0,0,0.22267676081662235,0,0,0,155,70.17576761321219
259,South Dakota St.,Sum,0-0,101.75993339166203,253,109.69685407634327,257,0.2965671380281909,259,15.753066456703358,15.24693354329664,6.820697423419053,7.1793025765809455,0-0,0,0,0,0.330027811401441,0.33335184125080447,0.3259914894414999,0.9236125333051821,0.9134365952237123,0,0,89.9617265346139,94.25101919164196,0.0,0.0,0.0,0.0,0.0,0.0,0,0.0,0.0,0.0,0,0,0.3259914894414999,0,0,0,44,71.20198174805408
260,Eastern Kentucky,UAC,0-0,104.07683836581847,208,112.2485244833345,318,0.2954128548477392,260,15.047836721470082,15.952163278529914,6.969206074593252,9.030793925406748,0-0,0,0,0,0.3536601635523599,0.3359396467916944,0.3702731480154837,0.9072114230800897,0.887258608826574,0,0,93.76911746786581,97.79613795124635,0.0,0.0,0.0,0.0,0.0,0.0,0,0.0,0.0,0.0,0,0,0.3702731480154837,0,0,0,181,70.69747515794352
261,South Alabama,SB,0-0,101.64779797409895,257,109.64083790913494,256,0.29514935297465705,261,12.35091425483466,14.64908574516534,7.220357669766615,8.779642330233385,0-0,0,0,0,0.3716824914898454,0.394455408250635,0.3560261112168024,0.910112710820058,0.882064252410628,0,0,99.0990822892842,103.78889158589882,0.0,0.0,0.0,0.0,0.0,0.0,0,0.0,0.0,0.0,0,0,0.3560261112168024,0,0,0,59,68.28359735347637
262,Youngstown St.,Horz,0-0,101.1029781078918,270,109.23855628727009,243,0.2911022485593734,262,14.443583816599759,17.55641618340024,8.759970177514361,11.240029822485639,0-0,0,0,0,0.38676160156394607,0.43800025643444274,0.3560184086416482,0.8769562809201554,0.7828226205487545,0,0,95.42871134259818,97.89851596982149,0.0,0.0,0.0,0.0,0.0,0.0,0,0.0,0.0,0.0,0,0,0.3560184086416482,0,0,0,288,71.66853168627324
263,UC Riverside,BW,0-0,102.52127766141976,239,110.80742427872687,283,0.2903222947740018,263,11.958649136565787,20.041350863434218,7.407951517085563,14.592048482914436,0-0,0,0,0,0.4601334576406176,0.4249504112289065,0.4761257514641228,0.8692476628770537,0.8314096272001199,0,0,99.12091718130054,99.41668590497983,0.0,0.0,0.0,0.0,0.0,0.0,0,0.0,0.0,0.0,0,0,0.4761257514641228,0,0,0,223,71.64050180476309
264,Florida Gulf Coast,ASun,0-0,100.0480287634102,295,108.17904023771172,216,0.2893426674271888,264,15.08026155613584,16.91973844386416,7.67784226418738,6.32215773581262,0-0,0,0,0,0.3620798554802791,0.4371109199352402,0.26561134403818604,0.8959813513611088,0.851391494559488,0,0,94.95245778966174,99.02287137889195,0.0,0.0,0.0,0.0,0.0,0.0,0,0.0,0.0,0.0,0,0,0.26561134403818604,0,0,0,214,71.02381771293557
265,IU Indy,Horz,0-0,104.8327900473804,192,113.43209092258587,343,0.2876891284317512,265,14.846565321296826,17.15343467870317,8.437126734746359,11.562873265253641,0-0,0,0,0,0.3594981899966338,0.34095768550383965,0.3706224926923102,0.9108411416477656,0.8823847350369602,0,0,97.21025899112954,101.90095719506114,0.0,0.0,0.0,0.0,0.0,0.0,0,0.0,0.0,0.0,0,0,0.3706224926923102,0,0,0,139,73.20525698057381
266,Prairie View A&M,SWAC,0-0,101.80374508310132,252,110.18491400074333,266,0.2870406351509815,266,17.363246846109874,14.636753153890123,12.201206500309457,5.798793499690542,0-0,0,0,0,0.3248192001665126,0.530512460762881,0.16483555303600395,0.8564295224524692,0.7043211113699324,0,0,89.18599385288441,94.16212197529902,0.0,0.0,0.0,0.0,0.0,0.0,0,0.0,0.0,0.0,0,0,0.16483555303600395,0,0,0,144,73.6165396548025
267,UMBC,AE,0-0,101.81726878476505,251,110.20985033840964,268,0.2868207413123009,267,16.874270606898953,14.125729393101047,9.393230320733116,6.606769679266885,0-0,0,0,0,0.30210684565321066,0.38267594241060093,0.2265733174431574,0.892821931281982,0.8188490683888332,0,0,94.9232788937252,102.17674758129661,0.0,0.0,0.0,0.0,0.0,0.0,0,0.0,0.0,0.0,0,0,0.2265733174431574,0,0,0,197,69.61145121683803
268,Appalachian St.,SB,0-0,99.05045129850103,315,107.22784092294387,197,0.2865384425415361,268,12.937329071772803,17.0626709282272,7.839901198046165,9.160098801953835,0-0,0,0,0,0.3980592308159825,0.473856721603886,0.3400964437428798,0.8879681863988842,0.8240664868986965,0,0,97.73851334185017,100.2310740614865,0.0,0.0,0.0,0.0,0.0,0.0,0,0.0,0.0,0.0,0,0,0.3400964437428798,0,0,0,286,66.85062087781223
269,Wofford,SC,0-0,102.42555760331723,242,111.0364908326624,288,0.28326766399479475,269,15.699391316770463,16.300608683229537,9.465813715519815,10.534186284480185,0-0,0,0,0,0.33369279287002396,0.34868196178597466,0.3246992915204535,0.9068805421039603,0.8546411127680343,0,0,94.47024688502627,99.28019640394267,0.0,0.0,0.0,0.0,0.0,0.0,0,0.0,0.0,0.0,0,0,0.3246992915204535,0,0,0,80,71.44561015275318
270,Air Force,MWC,0-0,101.72556762778376,254,110.28116420205404,271,0.2831933227354882,270,10.496720252368089,21.50327974763191,3.5533504512753704,14.44664954872463,0-0,0,0,0,0.5184281265598343,0.35110341374484183,0.648569569860384,0.8410204321415429,0.9090658658624918,0,0,103.55251837544185,102.20065144543199,0.0,0.0,0.0,0.0,0.0,0.0,0,0.0,0.0,0.0,0,0,0.648569569860384,0,0,0,36,69.84650686150694
271,LIU,NEC,0-0,101.21488785518235,267,109.83994756867054,259,0.2808090727077699,271,13.878494861981492,17.12150513801851,10.66998730093414,5.33001269906586,0-0,0,0,0,0.39231090903672594,0.6400246569311622,0.16007927038569203,0.8570369694787978,0.7298472519043298,0,0,103.31655923948873,107.7719903211764,0.0,0.0,0.0,0.0,0.0,0.0,0,0.0,0.0,0.0,0,0,0.16007927038569203,0,0,0,109,71.19797228476774
272,UNC Asheville,BSth,0-0,100.77070427496415,279,109.51422149170463,252,0.277503813375747,272,15.007646067248197,16.9923539327518,7.719816227666465,8.280183772333535,0-0,0,0,0,0.3547110681576962,0.38133934069192843,0.328082795623464,0.9009817709376888,0.8821905806106972,0,0,94.25033041409033,98.55481735911401,0.0,0.0,0.0,0.0,0.0,0.0,0,0.0,0.0,0.0,0,0,0.328082795623464,0,0,0,266,68.46805047030905
273,Ball St.,MAC,0-0,101.38327589553273,264,110.3359019237451,273,0.2742542714439671,273,10.790320053313826,19.209679946686173,6.479225418386812,15.520774581613189,0-0,0,0,0,0.4556499741938772,0.33149214314406966,0.5007982763938074,0.8756261248959756,0.8625824900274844,0,0,99.37972456007266,99.66412814441206,0.0,0.0,0.0,0.0,0.0,0.0,0,0.0,0.0,0.0,0,0,0.5007982763938074,0,0,0,2,70.19979999372673
274,Siena,Metro,0-0,99.85998766897256,302,108.70943026367209,233,0.27359499342078986,274,13.844639274948216,18.15536072505178,9.923219938401347,10.076780061598651,0-0,0,0,0,0.36193399677302635,0.47984411527297455,0.2911879256730573,0.8991945346928341,0.8192133379863873,0,0,102.47081688613875,108.03314688245327,0.0,0.0,0.0,0.0,0.0,0.0,0,0.0,0.0,0.0,0,0,0.2911879256730573,0,0,0,142,70.47122305083586
275,Evansville,MVC,0-0,100.4848929924743,288,109.40177561270832,247,0.27334306704219347,275,10.668698751436455,20.33130124856354,5.346511349511099,14.653488650488901,0-0,0,0,0,0.48524841854332695,0.3825309553974427,0.5417430232735634,0.8635954095098123,0.8753260429758791,0,0,99.49245918771533,98.88657443224093,0.0,0.0,0.0,0.0,0.0,0.0,0,0.0,0.0,0.0,0,0,0.5417430232735634,0,0,0,318,70.4492350361132
276,Louisiana Tech,CUSA,0-0,97.11327922190375,329,105.73234452505673,162,0.2733133679168815,276,14.001273948149093,16.998726051850905,0.8108402292428916,1.1891597707571084,0-0,0,0,0,0.3612197632702662,0.36087054676167907,0.3662834026447803,0.9180401222395167,0.9171170859627508,0,0,96.80795146564718,101.21362114463128,0.0,0.0,0.0,0.0,0.0,0.0,0,0.0,0.0,0.0,0,0,0.3662834026447803,0,0,0,253,67.70936256974007
277,Alabama St.,SWAC,0-0,101.62515600757274,258,110.66870365040731,278,0.2728174193023512,277,17.438359150189733,15.561640849810269,11.566333004193618,6.433666995806382,0-0,0,0,0,0.32075561637561784,0.4857213350586661,0.18328418413974418,0.877414404294925,0.7662433231639202,0,0,89.13390916758266,94.7218791600956,0.0,0.0,0.0,0.0,0.0,0.0,0,0.0,0.0,0.0,0,0,0.18328418413974418,0,0,0,327,71.21414294466503
278,Chattanooga,SC,0-0,103.15321486082652,227,112.3441463098267,322,0.2725858995678631,278,16.22649954910529,15.773500450894709,9.213519619804213,10.786480380195783,0-0,0,0,0,0.315857605091336,0.2993575132687404,0.3257576601848933,0.9186204383124866,0.8863440124972042,0,0,93.82062130857115,99.60600977502723,0.0,0.0,0.0,0.0,0.0,0.0,0,0.0,0.0,0.0,0,0,0.3257576601848933,0,0,0,68,70.51013340367501
279,Purdue Fort Wayne,Horz,0-0,101.14228576226134,269,110.20314543686976,267,0.27157087932880813,279,13.872401391351845,18.127598608648153,8.242664110660131,11.757335889339865,0-0,0,0,0,0.3662080675886002,0.37108666675574675,0.36328090808831237,0.905406609204076,0.8650828752555787,0,0,94.96386812177293,98.24898794391153,0.0,0.0,0.0,0.0,0.0,0.0,0,0.0,0.0,0.0,0,0,0.36328090808831237,0,0,0,111,71.1012398556394
280,Radford,BSth,0-0,101.61229648367811,260,110.75592819649023,281,0.2707362509998817,280,13.723000623310831,18.276999376689172,7.595682124266108,8.404317875733893,0-0,0,0,0,0.39741916252738996,0.4659169743373865,0.32892135071739337,0.8604596713557066,0.8013332384732094,0,0,95.48903205505499,97.43057874648323,0.0,0.0,0.0,0.0,0.0,0.0,0,0.0,0.0,0.0,0,0,0.32892135071739337,0,0,0,340,72.30594397401005
281,Cleveland St.,Horz,0-0,102.59032864633198,238,112.07600372242072,315,0.2656148731641056,281,12.918002848434961,18.081997151565037,7.934298117552693,12.065701882447305,0-0,0,0,0,0.391232550620085,0.4286609223750267,0.3706469461548672,0.8868747318384259,0.8112679823876049,0,0,95.11293021895227,97.39597010331505,0.0,0.0,0.0,0.0,0.0,0.0,0,0.0,0.0,0.0,0,0,0.3706469461548672,0,0,0,236,71.98287476784841
282,Stetson,ASun,0-0,103.70311634488058,215,113.33565129397553,342,0.2647453322265199,282,13.870882794231376,18.12911720576863,7.2598153652587225,6.7401846347412775,0-0,0,0,0,0.4035591046426157,0.5081435524934462,0.2690933859772618,0.8387610991380597,0.7502742303188904,0,0,92.63579353545278,93.53626813364967,0.0,0.0,0.0,0.0,0.0,0.0,0,0.0,0.0,0.0,0,0,0.2690933859772618,0,0,0,336,70.23913909923102
283,Saint Peter's,Metro,0-0,100.02858643042927,296,109.41501409854163,248,0.2628012896483818,283,15.64913641258134,15.35086358741866,10.351658757520555,9.648341242479445,0-0,0,0,0,0.3019040205214275,0.36892373301494924,0.26504317864999055,0.9194290348043721,0.8571415211257697,0,0,95.5256518276218,102.81567653647036,0.0,0.0,0.0,0.0,0.0,0.0,0,0.0,0.0,0.0,0,0,0.26504317864999055,0,0,0,27,69.08152686086027
284,Jackson St.,SWAC,0-0,100.44434172702927,289,110.42159908686858,275,0.25179288266153643,284,12.454162325692996,19.545837674307005,11.109013458546672,6.890986541453329,0-0,0,0,0,0.4309409675510746,0.7453618370821988,0.1863914023602001,0.8107457936642237,0.606243354054014,0,0,104.06668609378097,106.97735583786206,0.0,0.0,0.0,0.0,0.0,0.0,0,0.0,0.0,0.0,0,0,0.1863914023602001,0,0,0,267,71.98325879455341
285,Marshall,SB,0-0,100.70080559396641,282,110.89754229353562,285,0.24801843524064843,285,12.946984637011585,17.053015362988415,7.038006814913641,9.96199318508636,0-0,0,0,0,0.3618429541623139,0.38701893295988327,0.3425907350818196,0.9065712769235189,0.8669408359519202,0,0,96.95794159394748,100.88110956857484,0.0,0.0,0.0,0.0,0.0,0.0,0,0.0,0.0,0.0,0,0,0.3425907350818196,0,0,0,272,72.20423778645748
286,South Dakota,Sum,0-0,101.0226349578075,271,111.38469529956038,296,0.24546980965878604,286,15.752263922770766,16.247736077229234,5.929043222577398,8.0709567774226,0-0,0,0,0,0.3174627751654563,0.30519901803146826,0.3332304629091555,0.910109453424599,0.8912430848206073,0,0,92.93105684763741,98.71696329172404,0.0,0.0,0.0,0.0,0.0,0.0,0,0.0,0.0,0.0,0,0,0.3332304629091555,0,0,0,174,73.11117505091039
287,Albany,AE,0-0,100.00229780176667,298,110.48908561006749,276,0.24107018910850564,287,15.860791660099684,16.139208339900318,8.464756359067195,7.535243640932806,0-0,0,0,0,0.27782398835660954,0.3233984781114145,0.23224949860180472,0.9344882497789906,0.9080415813456906,0,0,97.87878132514675,106.84971096730692,0.0,0.0,0.0,0.0,0.0,0.0,0,0.0,0.0,0.0,0,0,0.23224949860180472,0,0,0,292,68.90296429114872
288,Lindenwood,OVC,0-0,98.56351231704656,323,108.92144069627773,237,0.24064506173919506,288,15.637519252648481,15.362480747351517,8.320683099340389,7.679316900659611,0-0,0,0,0,0.29386690682295213,0.35252174608209746,0.2388779950175034,0.9073153544863224,0.8512272826998777,0,0,88.39940369318903,94.1594155886945,0.0,0.0,0.0,0.0,0.0,0.0,0,0.0,0.0,0.0,0,0,0.2388779950175034,0,0,0,275,75.31826043038303
289,Nebraska Omaha,Sum,0-0,98.99189885377459,316,109.46483534265363,251,0.2393035736364899,289,12.795688687083853,17.20431131291614,5.814735368553948,8.185264631446053,0-0,0,0,0,0.3793867068445542,0.41900626459908713,0.3341072122679455,0.8786840975999315,0.830121386484438,0,0,91.03133014730598,92.79809174987425,0.0,0.0,0.0,0.0,0.0,0.0,0,0.0,0.0,0.0,0,0,0.3341072122679455,0,0,0,121,70.54089390569797
290,Boston University,Pat,0-0,100.96776787120783,273,111.85597967490096,308,0.2354616127007449,290,14.521647036920166,16.478352963079832,9.602658164126114,8.397341835873885,0-0,0,0,0,0.30135393612358286,0.400266737768187,0.22991691271359083,0.9275406911892192,0.8819134917239988,0,0,97.60809376610166,105.72645468987751,0.0,0.0,0.0,0.0,0.0,0.0,0,0.0,0.0,0.0,0,0,0.22991691271359083,0,0,0,133,66.97742601246837
291,Houston Christian,Slnd,0-0,100.34727678659797,290,111.35026903637674,293,0.2320976248775492,291,13.425318181721183,18.57468181827882,8.306970635621253,13.693029364378747,0-0,0,0,0,0.3538250795662306,0.3116949658922353,0.37297513123622844,0.9019626298624213,0.870813214575039,0,0,96.00761908695173,100.8139489360614,0.0,0.0,0.0,0.0,0.0,0.0,0,0.0,0.0,0.0,0,0,0.37297513123622844,0,0,0,38,69.79395780112608
292,Mount St. Mary's,Metro,0-0,99.25224106171558,311,110.21011774466035,269,0.23070611925069245,292,14.346041063564488,16.65395893643551,9.665402137090771,10.334597862909229,0-0,0,0,0,0.3227139373086409,0.4340723347616721,0.2614668187094737,0.8909919490938635,0.77469700528064,0,0,99.20573750047541,105.95489486176099,0.0,0.0,0.0,0.0,0.0,0.0,0,0.0,0.0,0.0,0,0,0.2614668187094737,0,0,0,312,71.49366180528938
293,UNC Greensboro,SC,0-0,100.77851758309998,278,112.04803876800787,313,0.22810745171536828,293,13.18220864105235,18.81779135894765,8.100567064691823,11.899432935308178,0-0,0,0,0,0.3608349482305242,0.4119264302335733,0.3301800590286947,0.8969169912104066,0.8300253473829519,0,0,94.98439860471113,98.8920785800729,0.0,0.0,0.0,0.0,0.0,0.0,0,0.0,0.0,0.0,0,0,0.3301800590286947,0,0,0,199,71.62474968806663
294,Northwestern St.,Slnd,0-0,99.58185788735881,304,110.80931615674908,284,0.22643446727021982,294,12.324489556804526,19.675510443195478,8.153170473446236,13.846829526553767,0-0,0,0,0,0.39285882028185903,0.4354735583180838,0.3734884848108477,0.8789926288358169,0.7975367765533079,0,0,96.89119015910234,99.96886199169724,0.0,0.0,0.0,0.0,0.0,0.0,0,0.0,0.0,0.0,0,0,0.3734884848108477,0,0,0,47,68.47634240753113
295,Nicholls St.,Slnd,0-0,100.01505918531791,297,111.32476268326377,292,0.2258305288468008,295,11.812625403595066,20.187374596404936,8.136655928966814,13.863344071033186,0-0,0,0,0,0.39312446871219453,0.4362031382262888,0.3735432552966971,0.8974864595461808,0.8567411469284799,0,0,96.87854483189908,99.97182509099086,0.0,0.0,0.0,0.0,0.0,0.0,0,0.0,0.0,0.0,0,0,0.3735432552966971,0,0,0,200,71.57296946730187
296,New Hampshire,AE,0-0,98.97913822947783,317,110.2537045660774,270,0.22433806503821868,296,14.690576511201405,17.309423488798597,8.092148447461941,7.90785155253806,0-0,0,0,0,0.30696829614299076,0.3796025959973924,0.23433399628858917,0.9041430412713443,0.8477744091524896,0,0,98.48055113604153,105.98226025227994,0.0,0.0,0.0,0.0,0.0,0.0,0,0.0,0.0,0.0,0,0,0.23433399628858917,0,0,0,243,70.82175863523389
297,Sacred Heart,Metro,0-0,101.40073268668337,263,112.9709414762425,331,0.2239874606678236,297,14.270312551587777,17.72968744841223,9.139062130579433,10.86093786942057,0-0,0,0,0,0.3245514590928972,0.40643830280926696,0.2754193528630751,0.901249882261855,0.8177545001925488,0,0,98.80510251842016,105.42012038896884,0.0,0.0,0.0,0.0,0.0,0.0,0,0.0,0.0,0.0,0,0,0.2754193528630751,0,0,0,62,71.71486902226104
298,Weber St.,BSky,0-0,98.71741909945666,322,109.99421587067488,262,0.22375557116091876,298,10.846157089783885,20.153842910216113,8.057681057001128,11.94231894299887,0-0,0,0,0,0.4148076120385927,0.5746401413238998,0.32689972093167396,0.8802529108751487,0.775209572502892,0,0,100.89392257405297,103.54350849548078,0.0,0.0,0.0,0.0,0.0,0.0,0,0.0,0.0,0.0,0,0,0.32689972093167396,0,0,0,90,71.66513785001003
299,Southern Utah,BSky,0-0,99.95398400991706,299,111.40263260940566,298,0.22320740992437796,299,12.202367079633763,19.797632920366237,8.043063199300446,11.956936800699555,0-0,0,0,0,0.3941218907061945,0.5060676662193817,0.32695442539828234,0.8744904565375095,0.7686147778617572,0,0,94.72244828483689,96.86306899112536,0.0,0.0,0.0,0.0,0.0,0.0,0,0.0,0.0,0.0,0,0,0.32695442539828234,0,0,0,84,73.50596417883092
300,West Georgia,UAC,0-0,100.1707593083542,293,111.65973956698957,303,0.22293068277339423,300,13.030873449458667,18.96912655054133,5.523411471737818,10.476588528262182,0-0,0,0,0,0.3632852655625198,0.347298591581917,0.37927193954312255,0.8903449870926252,0.8567137571284862,0,0,94.46162342902895,98.02140409103067,0.0,0.0,0.0,0.0,0.0,0.0,0,0.0,0.0,0.0,0,0,0.37927193954312255,0,0,0,339,72.32452279298604
301,North Alabama,UAC,0-0,100.83280321409407,276,112.5651614973161,325,0.2199791016972039,301,13.33776511457137,18.662234885428624,5.460424275534719,10.53957572446528,0-0,0,0,0,0.3677459580282715,0.35585167059963235,0.3796402454569106,0.8830572955579384,0.842211322116708,0,0,91.47832636965407,94.15262563914551,0.0,0.0,0.0,0.0,0.0,0.0,0,0.0,0.0,0.0,0,0,0.3796402454569106,0,0,0,346,68.5049865914782
302,Bellarmine,ASun,0-0,104.30425414952543,202,116.46918639633515,363,0.21949394692612226,302,14.192592304626743,17.807407695373257,6.4196369497663275,7.580363050233673,0-0,0,0,0,0.33392284124847166,0.3793410448985314,0.275528007984109,0.8933080384854789,0.8482846601228347,0,0,93.94617549357233,99.02750466089276,0.0,0.0,0.0,0.0,0.0,0.0,0,0.0,0.0,0.0,0,0,0.275528007984109,0,0,0,153,70.48049211492885
303,North Carolina A&T,CAA,0-0,100.57310499856783,283,112.32883530863617,321,0.21903893164330082,303,12.495116041495995,18.504883958504003,5.539258535515223,12.460741464484778,0-0,0,0,0,0.36086879329554283,0.2764293917804942,0.42185280550085563,0.9146308455693839,0.9245501771289125,0,0,93.62821820170531,97.74950448952522,0.0,0.0,0.0,0.0,0.0,0.0,0,0.0,0.0,0.0,0,0,0.42185280550085563,0,0,0,247,71.8259020768021
304,Drexel,CAA,0-0,94.56175945649795,357,105.62515557146799,158,0.2188468457237543,304,10.771329358742049,20.228670641257946,5.770801162303682,12.22919883769632,0-0,0,0,0,0.397516502355012,0.3934842812339894,0.4004286620535285,0.8928259257689107,0.8570004901226637,0,0,100.72394886849581,103.89468484173135,0.0,0.0,0.0,0.0,0.0,0.0,0,0.0,0.0,0.0,0,0,0.4004286620535285,0,0,0,216,67.93685936570651
305,Niagara,Metro,0-0,101.34670712203916,265,113.32791554354606,341,0.2167022453172193,305,13.832715624457785,17.167284375542213,8.883352263733293,11.116647736266707,0-0,0,0,0,0.3043388332458529,0.34942444227189806,0.27954174828152845,0.9163690279702823,0.8534976719333152,0,0,97.97351601730806,105.79244559575945,0.0,0.0,0.0,0.0,0.0,0.0,0,0.0,0.0,0.0,0,0,0.27954174828152845,0,0,0,29,66.17609450051867
306,Mercyhurst,NEC,0-0,99.34884575641357,308,111.20992419719249,291,0.2146709953640405,306,15.444829797939342,16.55517020206066,9.29145166863521,6.70854833136479,0-0,0,0,0,0.3063074717187569,0.44431241062488425,0.16830253281262952,0.8868745406807302,0.7992000192841432,0,0,92.34749891781149,99.00760240481169,0.0,0.0,0.0,0.0,0.0,0.0,0,0.0,0.0,0.0,0,0,0.16830253281262952,0,0,0,293,68.2854595864501
307,UMKC,Sum,0-0,101.62196880113959,259,113.84142256657927,347,0.21319265817716526,307,14.643306846371983,17.35669315362802,5.312079347035484,8.687920652964518,0-0,0,0,0,0.3107381172935623,0.28966797315707415,0.33782830261190444,0.9285288843445998,0.9247095914787167,0,0,89.74980670369271,94.86840291106711,0.0,0.0,0.0,0.0,0.0,0.0,0,0.0,0.0,0.0,0,0,0.33782830261190444,0,0,0,33,70.81689686595355
308,Alabama A&M,SWAC,0-0,99.89988370247897,301,112.01298455428355,312,0.21146251758209708,308,17.032269760964958,14.96773023903504,10.195488264964371,7.8045117350356294,0-0,0,0,0,0.2674316414024301,0.3668964124296051,0.19007015282573855,0.9073702475497467,0.8285836292425515,0,0,87.72987197393411,95.56061270790588,0.0,0.0,0.0,0.0,0.0,0.0,0,0.0,0.0,0.0,0,0,0.19007015282573855,0,0,0,361,70.56168064197234
309,Navy,Pat,0-0,96.5133514201971,335,108.23301161732797,217,0.2111581931568037,309,15.698683555052177,16.301316444947823,8.99920777632668,9.000792223673319,0-0,0,0,0,0.26397727989586944,0.30430420124006013,0.23261189662816553,0.9397922158078652,0.9138652447507747,0,0,94.24639578669063,103.5069316560568,0.0,0.0,0.0,0.0,0.0,0.0,0,0.0,0.0,0.0,0,0,0.23261189662816553,0,0,0,323,70.64313144396253
310,NJIT,AE,0-0,99.36477669379838,307,111.5419542618242,300,0.20925273085315146,310,13.689035157137273,18.310964842862738,7.738481635755755,8.261518364244244,0-0,0,0,0,0.3188751853179101,0.40153267213853977,0.23621769849728042,0.9019161070768045,0.843689867496267,0,0,98.48354884363935,105.52425473490011,0.0,0.0,0.0,0.0,0.0,0.0,0,0.0,0.0,0.0,0,0,0.23621769849728042,0,0,0,103,71.40071126192913
311,Dartmouth,Ivy,0-0,96.89602676311992,330,108.77675677628537,235,0.20914606788337667,311,11.041224627032292,16.958775372967708,3.6065986624684436,10.393401337531557,0-0,0,0,0,0.35723944203147867,0.2499554815673015,0.4645234024956559,0.9175019793795391,0.9396029905393776,0,0,92.24948835278049,96.15380787009569,0.0,0.0,0.0,0.0,0.0,0.0,0,0.0,0.0,0.0,0,0,0.4645234024956559,0,0,0,185,71.96039458167412
312,Morehead St.,OVC,0-0,100.50392160815449,287,113.2223395351358,338,0.20257096779614667,312,14.942309015685812,16.057690984314192,7.443452969945877,8.556547030054123,0-0,0,0,0,0.28433382631698356,0.3277522761886263,0.24362902956231855,0.9094943482461817,0.8567349633117897,0,0,88.65601185552381,94.60599028189522,0.0,0.0,0.0,0.0,0.0,0.0,0,0.0,0.0,0.0,0,0,0.24362902956231855,0,0,0,191,70.05414182777977
313,UMass Lowell,AE,0-0,99.51950965847621,306,112.23240677294419,317,0.2006065190218516,313,14.38118680617456,17.61881319382544,7.527500209278219,8.472499790721782,0-0,0,0,0,0.29989450954881963,0.3624897093436527,0.23729930975398641,0.9196888329906225,0.8794419723399776,0,0,92.34210967777277,98.86554854503174,0.0,0.0,0.0,0.0,0.0,0.0,0,0.0,0.0,0.0,0,0,0.23729930975398641,0,0,0,108,72.57458875820716
314,Cal St. Bakersfield,BW,0-0,100.27631575669602,292,113.20944412106519,337,0.19860028347885686,314,9.227100149459702,22.7728998505403,5.202928712302889,16.79707128769711,0-0,0,0,0,0.44809259630441917,0.36816314115430926,0.4844241668271963,0.8895153884104571,0.9000791717459237,0,0,98.74702628868205,99.72164735851511,0.0,0.0,0.0,0.0,0.0,0.0,0,0.0,0.0,0.0,0,0,0.4844241668271963,0,0,0,231,72.10587317581287
315,Northern Arizona,BSky,0-0,100.51387617797533,286,113.83680464255212,346,0.19287969300362715,315,11.48438570236891,20.515614297631092,7.202486359447652,12.79751364055235,0-0,0,0,0,0.4007539508897511,0.5186969868604298,0.32998812930734406,0.8487298028498829,0.7008924736583942,0,0,94.78837584491201,96.20501093047748,0.0,0.0,0.0,0.0,0.0,0.0,0,0.0,0.0,0.0,0,0,0.32998812930734406,0,0,0,163,67.56389475116681
316,Tennessee Martin,OVC,0-0,93.75743465977456,359,106.2242231492911,170,0.1922161653096374,316,13.360682180108176,16.639317819891826,7.185247087076002,8.814752912923996,0-0,0,0,0,0.29087090026689594,0.34337944043666424,0.24492592761834872,0.9264251364979761,0.8895253081954771,0,0,88.23307001450571,94.2785390435656,0.0,0.0,0.0,0.0,0.0,0.0,0,0.0,0.0,0.0,0,0,0.24492592761834872,0,0,0,274,70.20166614368745
317,North Dakota,Sum,0-0,98.87456632385766,319,112.20957643599081,316,0.18924284881810405,317,10.455396554263611,20.544603445736392,4.821415615664228,9.178584384335771,0-0,0,0,0,0.39618138022280724,0.4414153746905064,0.3412543869406014,0.8852607550642536,0.8461190430656792,0,0,94.63464369873287,96.70328357675369,0.0,0.0,0.0,0.0,0.0,0.0,0,0.0,0.0,0.0,0,0,0.3412543869406014,0,0,0,17,70.74078420445251
318,Florida A&M,SWAC,0-0,95.8103012513721,344,108.80228172955884,236,0.18810600432143879,318,11.985887173731596,18.01411282626841,9.111350857657849,8.888649142342153,0-0,0,0,0,0.3439396468462907,0.5469324675499168,0.20861109971054,0.8845532309800631,0.7650224940917029,0,0,98.5220524922302,104.83658658536443,0.0,0.0,0.0,0.0,0.0,0.0,0,0.0,0.0,0.0,0,0,0.20861109971054,0,0,0,116,71.49748838970174
319,Idaho St.,BSky,0-0,97.83795097706451,325,111.20620453855904,290,0.18651031197893764,319,11.580476330770075,20.41952366922992,7.017369008483904,12.982630991516094,0-0,0,0,0,0.36389672597998396,0.4193460713854085,0.33062711873672923,0.9059732652195598,0.8537386092617869,0,0,93.55534568112506,97.19691259831805,0.0,0.0,0.0,0.0,0.0,0.0,0,0.0,0.0,0.0,0,0,0.33062711873672923,0,0,0,326,68.8705937801032
320,East Texas A&M,Slnd,0-0,96.1563885260949,339,109.44359013433268,249,0.18414946016204442,320,8.466893658408873,22.53310634159112,6.938898524944487,15.061101475055507,0-0,0,0,0,0.4398742663352832,0.5927468535256194,0.3773354806665092,0.8621890246585345,0.7324058570532105,0,0,104.37130688394801,106.59984065668979,0.0,0.0,0.0,0.0,0.0,0.0,0,0.0,0.0,0.0,0,0,0.3773354806665092,0,0,0,22,71.7273442240562
321,Le Moyne,NEC,0-0,99.3297192085052,309,113.14115517242206,336,0.18284336392674014,321,14.992969917509498,17.007030082490502,8.48768611469933,7.512313885300671,0-0,0,0,0,0.284896234321981,0.3975044366514133,0.1722880319925488,0.8891350566145633,0.8044725894325885,0,0,91.90662570646656,99.02926620044244,0.0,0.0,0.0,0.0,0.0,0.0,0,0.0,0.0,0.0,0,0,0.1722880319925488,0,0,0,353,72.69213335200881
322,Canisius,Metro,0-0,102.77798549952948,235,117.07975626141194,365,0.1826839449004267,322,11.713348287664505,20.286651712335498,7.981477260248345,12.018522739751655,0-0,0,0,0,0.35017850964924646,0.4698691278864198,0.2783641387069427,0.9049280561049804,0.8275861965886399,0,0,99.08000770406905,104.91206746855967,0.0,0.0,0.0,0.0,0.0,0.0,0,0.0,0.0,0.0,0,0,0.2783641387069427,0,0,0,1,70.46572681833473
323,Incarnate Word,Slnd,0-0,99.14010774001713,312,112.94859468784509,330,0.18248738322016955,323,8.293269119884112,23.706730880115884,6.888536348295529,15.111463651704474,0-0,0,0,0,0.47289425227733656,0.6827897105440722,0.3774872257924568,0.8183070436990031,0.6050227210222336,0,0,105.20461709895974,105.40269407322225,0.0,0.0,0.0,0.0,0.0,0.0,0,0.0,0.0,0.0,0,0,0.3774872257924568,0,0,0,35,69.07192708123851
324,Southern Indiana,OVC,0-0,98.44392301948352,324,112.27700402125029,319,0.18063623259849498,324,13.865032154738754,17.13496784526124,6.885118947706413,9.114881052293585,0-0,0,0,0,0.28391146583831045,0.3239462353987068,0.24637886937543904,0.9161067047715435,0.8709450856714195,0,0,88.66386723651455,94.7365106616322,0.0,0.0,0.0,0.0,0.0,0.0,0,0.0,0.0,0.0,0,0,0.24637886937543904,0,0,0,302,71.09332892591968
325,North Florida,ASun,0-0,100.81415904475105,277,114.99219794335485,355,0.18046017159077724,325,12.346634874872052,19.653365125127944,5.602316953225063,8.397683046774937,0-0,0,0,0,0.3589158168187187,0.4194290278594993,0.2811131169091433,0.8742934642632353,0.815302363483643,0,0,94.69359500545707,98.40550858186587,0.0,0.0,0.0,0.0,0.0,0.0,0,0.0,0.0,0.0,0,0,0.2811131169091433,0,0,0,193,72.26591877378222
326,Louisiana Monroe,SB,0-0,99.05972038540983,314,113.025232371682,332,0.17994589118306362,326,8.688058515217143,22.311941484782857,4.532353255720489,11.467646744279511,0-0,0,0,0,0.46827827219366863,0.548184150453824,0.3933665113247732,0.8285446663025462,0.732738699285073,0,0,99.45133695948424,98.67850443028094,0.0,0.0,0.0,0.0,0.0,0.0,0,0.0,0.0,0.0,0,0,0.3933665113247732,0,0,0,358,72.17852156944937
327,Charleston Southern,BSth,0-0,99.07592860781119,313,113.08439299024695,333,0.17933631443234713,327,12.684870847218683,19.315129152781317,5.688809430388668,10.311190569611334,0-0,0,0,0,0.3256672090734691,0.31101174042214047,0.34032267772479774,0.9121161095583704,0.9069267458595066,0,0,93.50893929984228,99.00443780188895,0.0,0.0,0.0,0.0,0.0,0.0,0,0.0,0.0,0.0,0,0,0.34032267772479774,0,0,0,250,74.5713121291767
328,Manhattan,Metro,0-0,100.71808846422655,281,115.50586279834965,358,0.17144046964909498,328,12.3892711327619,19.610728867238095,7.725031140301597,12.274968859698403,0-0,0,0,0,0.3004364023990587,0.33116973184733134,0.2819964047300951,0.9155237593941932,0.8606356750596461,0,0,98.17376931805842,105.87265319236955,0.0,0.0,0.0,0.0,0.0,0.0,0,0.0,0.0,0.0,0,0,0.2819964047300951,0,0,0,210,71.3344028411959
329,Maine,AE,0-0,96.10655119892942,340,110.33156772495201,272,0.1697535510576702,329,12.369601960266934,19.63039803973306,6.718791236224547,9.281208763775453,0-0,0,0,0,0.29969160489045493,0.3582118802019925,0.2411713295789174,0.9238052744537888,0.8883840040365223,0,0,98.24880386381442,106.0720353349897,0.0,0.0,0.0,0.0,0.0,0.0,0,0.0,0.0,0.0,0,0,0.2411713295789174,0,0,0,221,68.4380642779322
330,Holy Cross,Pat,0-0,99.95017175767808,300,115.35776781355526,357,0.16128266165625205,330,12.490207964131287,19.509792035868713,7.581199844456943,10.418800155543055,0-0,0,0,0,0.31362984947081474,0.41064324698543236,0.2381749847372234,0.9054536522292476,0.8366904303458462,0,0,95.46088703857238,101.95476927584762,0.0,0.0,0.0,0.0,0.0,0.0,0,0.0,0.0,0.0,0,0,0.2381749847372234,0,0,0,262,69.07035538511875
331,Binghamton,AE,0-0,100.33121075925308,291,115.8522508966594,361,0.16054927372420355,331,13.296504672920197,17.7034953270798,6.458490884120213,9.541509115879789,0-0,0,0,0,0.25954422054106674,0.2779056008051905,0.24233042654345074,0.9330554550922714,0.9053565963470613,0,0,90.9008229060723,99.29399551684823,0.0,0.0,0.0,0.0,0.0,0.0,0,0.0,0.0,0.0,0,0,0.24233042654345074,0,0,0,61,69.1306165226989
332,Eastern Illinois,OVC,0-0,96.50982812100708,336,111.57256891394809,301,0.15871113584884292,332,12.88446838153987,19.115531618460125,6.280228972642614,9.719771027357387,0-0,0,0,0,0.33051589098878703,0.41189405543266444,0.24913772654490984,0.8752069490174705,0.7924570140548958,0,0,90.37652270026865,94.3133866916183,0.0,0.0,0.0,0.0,0.0,0.0,0,0.0,0.0,0.0,0,0,0.24913772654490984,0,0,0,55,69.22431664509357
333,VMI,SC,0-0,99.31322251641211,310,114.86091959931642,352,0.15807813918480668,333,12.494699234576995,19.505300765423,6.087461179114404,13.912538820885596,0-0,0,0,0,0.32679185368308106,0.3094408824016598,0.3372024364519339,0.9093783606830742,0.8654378163531182,0,0,91.10558847469783,95.8213577628376,0.0,0.0,0.0,0.0,0.0,0.0,0,0.0,0.0,0.0,0,0,0.3372024364519339,0,0,0,50,70.30019292863199
334,Lafayette,Pat,0-0,96.56247957842572,334,111.7068153109013,305,0.15770477220362197,334,12.739107162004396,19.260892837995602,7.468197096367587,10.531802903632414,0-0,0,0,0,0.312549102523494,0.40765751619298196,0.23857589189167008,0.9133605463010257,0.8548527154636313,0,0,95.50807493213163,102.6582157880642,0.0,0.0,0.0,0.0,0.0,0.0,0,0.0,0.0,0.0,0,0,0.23857589189167008,0,0,0,157,70.30270525598435
335,Utah Tech,BSky,0-0,93.48320063709744,360,108.14660406134143,214,0.1576764515302531,335,10.391067848808206,21.608932151191794,6.13636778779642,13.863632212203582,0-0,0,0,0,0.3800377947745233,0.45755333235722423,0.3335284722249029,0.8862399052468358,0.8019775933128835,0,0,94.57276816022187,97.40946079030199,0.0,0.0,0.0,0.0,0.0,0.0,0,0.0,0.0,0.0,0,0,0.3335284722249029,0,0,0,276,69.95219435892247
336,Georgia Southern,SB,0-0,96.67985606462057,331,112.07450361536223,314,0.15456636394257378,336,8.750373985884451,22.249626014115552,4.380063999978461,12.619936000021537,0-0,0,0,0,0.3730546269439279,0.3691207776568191,0.37629426753331163,0.9118113942821083,0.8979131604566243,0,0,100.53909218818703,104.85946223933846,0.0,0.0,0.0,0.0,0.0,0.0,0,0.0,0.0,0.0,0,0,0.37629426753331163,0,0,0,238,73.25914070289977
337,Loyola MD,Pat,0-0,98.9216345248048,318,114.95794219550606,354,0.15087671839137845,337,12.089619968519697,17.9103800314803,7.247618740886449,10.75238125911355,0-0,0,0,0,0.3028702417459962,0.39816303989373364,0.23934170964750465,0.8973255252296336,0.8052108971905373,0,0,94.72535676813263,101.87053488383322,0.0,0.0,0.0,0.0,0.0,0.0,0,0.0,0.0,0.0,0,0,0.23934170964750465,0,0,0,135,71.41555535816623
338,USC Upstate,BSth,0-0,95.89818442927563,342,111.63390452093762,302,0.1483900651994748,338,11.620290229556069,20.379709770443935,4.913663372149301,11.086336627850699,0-0,0,0,0,0.33423116419085924,0.3242416080623524,0.344220720319366,0.9002625967114435,0.8839020573394786,0,0,93.82070246003136,98.84414956571713,0.0,0.0,0.0,0.0,0.0,0.0,0,0.0,0.0,0.0,0,0,0.344220720319366,0,0,0,25,72.4737828701624
339,Central Connecticut,NEC,0-0,95.11806346501419,351,110.72759862489326,280,0.14836613532395038,339,12.69221749439184,17.307782505608163,7.474065659977654,8.525934340022346,0-0,0,0,0,0.26028945121855246,0.3559007992249138,0.1766295217129864,0.9269508611799546,0.8742835828370861,0,0,90.37734705649208,98.65611736937946,0.0,0.0,0.0,0.0,0.0,0.0,0,0.0,0.0,0.0,0,0,0.1766295217129864,0,0,0,319,68.51146573109327
340,Wagner,NEC,0-0,95.89075251707942,343,111.6688990666282,304,0.14782284297417495,340,11.220445672106031,17.779554327893972,7.456659818807859,8.543340181192143,0-0,0,0,0,0.353410846397332,0.5709033940699353,0.1766981514133419,0.8340254739236185,0.6629514610975432,0,0,96.13198538849637,100.38371632255593,0.0,0.0,0.0,0.0,0.0,0.0,0,0.0,0.0,0.0,0,0,0.1766981514133419,0,0,0,277,70.07229401906213
341,Fairleigh Dickinson,NEC,0-0,96.66387550901482,332,112.65722216026163,326,0.14669453113222847,341,13.162339240042819,18.837660759957178,7.420353089213972,8.579646910786028,0-0,0,0,0,0.3165882828082876,0.45633586147108224,0.17684070414549297,0.8591889814733329,0.7453789486111364,0,0,93.0709932329275,98.46420090171823,0.0,0.0,0.0,0.0,0.0,0.0,0,0.0,0.0,0.0,0,0,0.17684070414549297,0,0,0,63,67.81709362230387
342,Southern,SWAC,0-0,94.22573978047797,358,109.8664779033848,260,0.1460301713137636,342,11.111114581180033,20.888885418819967,7.7831037164880845,10.216896283511916,0-0,0,0,0,0.4010113944599327,0.6441063789996612,0.21193751759569934,0.8216764834142694,0.6372519726625806,0,0,94.12594588562105,96.03064678465259,0.0,0.0,0.0,0.0,0.0,0.0,0,0.0,0.0,0.0,0,0,0.21193751759569934,0,0,0,357,73.01927280444596
343,Texas Southern,SWAC,0-0,95.93951522911198,341,111.87608197035664,310,0.1458846638616987,343,11.764701850646759,20.235298149353238,8.658502976998566,9.341497023001434,0-0,0,0,0,0.35185992747729006,0.572165520329944,0.180511133036337,0.8739724442839,0.7483864718845242,0,0,95.68825407467422,101.23470630452837,0.0,0.0,0.0,0.0,0.0,0.0,0,0.0,0.0,0.0,0,0,0.180511133036337,0,0,0,314,71.04673426444552
344,Stonehill,NEC,0-0,96.62944725871446,333,112.83761231241078,329,0.14390090485747445,344,12.745074632770264,18.254925367229735,7.329527822701241,8.67047217729876,0-0,0,0,0,0.2883192820174247,0.4068531451536181,0.1771937853272434,0.9040333078242856,0.8305332863395745,0,0,91.7813744273175,98.85349835908475,0.0,0.0,0.0,0.0,0.0,0.0,0,0.0,0.0,0.0,0,0,0.1771937853272434,0,0,0,333,69.89400976577734
345,Norfolk St.,MEAC,0-0,95.48535252122994,347,111.82331974804711,306,0.13986718234156942,345,13.403747374943341,18.59625262505666,7.545381930370959,6.454618069629041,0-0,0,0,0,0.30658899209483154,0.43504199342766325,0.14143513323833373,0.8946600248750194,0.8299205154340067,0,0,88.83492881749422,95.14982758475463,0.0,0.0,0.0,0.0,0.0,0.0,0,0.0,0.0,0.0,0,0,0.14143513323833373,0,0,0,282,71.46440659648093
346,Bryant,AE,0-0,95.5839560355819,346,112.01026201900504,311,0.1389865012510257,346,10.417712820796465,21.582287179203526,5.808452802993034,10.191547197006965,0-0,0,0,0,0.34919336459790873,0.45333327197314716,0.24505345722267033,0.894773706792458,0.8309869990439847,0,0,96.5267052308316,101.29399902786935,0.0,0.0,0.0,0.0,0.0,0.0,0,0.0,0.0,0.0,0,0,0.24505345722267033,0,0,0,37,69.69238616909452
347,The Citadel,SC,0-0,98.75353972171862,321,115.79920866914043,360,0.1381012663075255,347,10.472255043660095,21.527744956339905,5.4355820888725,14.564417911127498,0-0,0,0,0,0.35627688888238507,0.38470292043335175,0.33922126995180507,0.8926514297483998,0.8214024227173231,0,0,94.76811093597848,98.72154634172215,0.0,0.0,0.0,0.0,0.0,0.0,0,0.0,0.0,0.0,0,0,0.33922126995180507,0,0,0,291,67.91768207080311
348,Chicago St.,NEC,0-0,97.12655723142052,328,114.01169855431027,349,0.13666247371780496,348,9.094771219812815,22.90522878018719,7.087788904849332,8.912211095150669,0-0,0,0,0,0.38677608149914555,0.5954426547394395,0.17810950825885172,0.8607215880031526,0.7486561495875773,0,0,102.97840547774302,107.8752718829038,0.0,0.0,0.0,0.0,0.0,0.0,0,0.0,0.0,0.0,0,0,0.17810950825885172,0,0,0,176,70.6494456784564
349,Delaware St.,MEAC,0-0,96.28890494120884,337,113.13806285158367,335,0.13535227469652092,349,14.409596193438167,15.59040380656183,7.415136721852354,6.5848632781476475,0-0,0,0,0,0.23249791629543767,0.31160638531087126,0.1420882374206564,0.9245132217435158,0.8778974954705275,0,0,89.08509779520402,99.46693504721384,0.0,0.0,0.0,0.0,0.0,0.0,0,0.0,0.0,0.0,0,0,0.1420882374206564,0,0,0,241,69.09414158800341
350,Bucknell,Pat,0-0,95.45370554862666,349,112.48561081254553,323,0.1314595122353306,350,9.678308782664372,22.321691217335626,6.581697154173093,11.41830284582691,0-0,0,0,0,0.3440730013939433,0.4759206106129216,0.2415248608902936,0.9016487735680911,0.8287203389615514,0,0,99.71293468394472,105.42087948564965,0.0,0.0,0.0,0.0,0.0,0.0,0,0.0,0.0,0.0,0,0,0.2415248608902936,0,0,0,265,70.54327564820711
351,New Haven,NEC,0-0,95.4549977872903,348,112.79485559090574,328,0.12791376809507427,351,11.965010470166089,19.034989529833908,6.782479620181263,9.217520379818737,0-0,0,0,0,0.2822205965141998,0.3920900291810101,0.1792180033890654,0.9059784966996882,0.834909809020436,0,0,94.48202272189596,102.58377231838541,0.0,0.0,0.0,0.0,0.0,0.0,0,0.0,0.0,0.0,0,0,0.1792180033890654,0,0,0,107,67.22156654139143
352,Gardner Webb,BSth,0-0,97.2272561097609,327,114.9005450207259,353,0.12778551148315592,352,9.464041068356286,21.535958931643716,4.346482512665309,11.653517487334693,0-0,0,0,0,0.4083348810792562,0.4739416988136785,0.34682848945323524,0.8359017608143576,0.7502602844805039,0,0,95.49937269955892,96.62374521036492,0.0,0.0,0.0,0.0,0.0,0.0,0,0.0,0.0,0.0,0,0,0.34682848945323524,0,0,0,354,72.35525979491942
353,Western Illinois,OVC,0-0,96.27656761132315,338,113.79901089305807,345,0.12753830719895476,353,11.887733810748582,20.11226618925142,5.322116552693342,10.677883447306655,0-0,0,0,0,0.2910111279783054,0.3289429471021178,0.2530793088544931,0.9131233466369794,0.868950455156434,0,0,88.9140473158664,94.79835454189393,0.0,0.0,0.0,0.0,0.0,0.0,0,0.0,0.0,0.0,0,0,0.2530793088544931,0,0,0,180,70.00455521379918
354,South Carolina St.,MEAC,0-0,95.27589033470153,350,112.74531106946233,327,0.12607937463632635,354,13.002090044920706,17.997909955079294,7.134957916468401,6.865042083531598,0-0,0,0,0,0.2700684729688773,0.3743578206116414,0.14343140797409246,0.9128397111547214,0.8595332691853612,0,0,90.47251838461136,99.28569837000795,0.0,0.0,0.0,0.0,0.0,0.0,0,0.0,0.0,0.0,0,0,0.14343140797409246,0,0,0,211,72.12375782975619
355,North Carolina Central,MEAC,0-0,94.91580002238149,354,113.08844258252111,334,0.1176816241576794,355,12.389012215310066,17.61098778468993,6.865105657553745,7.134894342446255,0-0,0,0,0,0.31105521142434356,0.45665981751209506,0.14464994732405634,0.8707342248734379,0.77742483325169,0,0,87.97910532137524,94.01339282383823,0.0,0.0,0.0,0.0,0.0,0.0,0,0.0,0.0,0.0,0,0,0.14464994732405634,0,0,0,365,69.35697576145445
356,Grambling St.,SWAC,0-0,92.10931712561882,362,109.79567371487292,258,0.11712749148942268,356,9.82062130008932,18.17937869991068,6.705717717102476,11.294282282897527,0-0,0,0,0,0.3013843303179729,0.4565283433725367,0.21519321195432636,0.8910934749444064,0.7588087263470441,0,0,94.43177905045238,100.85692333069746,0.0,0.0,0.0,0.0,0.0,0.0,0,0.0,0.0,0.0,0,0,0.21519321195432636,0,0,0,179,71.33506061715437
357,Army,Pat,0-0,95.0138674011479,352,113.88190532845618,348,0.11075028515011158,357,10.506004063384728,21.493995936615278,5.798137390202711,12.201862609797288,0-0,0,0,0,0.28689881985441573,0.34223130050918343,0.2438624460118186,0.9196043735500029,0.8702430012657251,0,0,95.31022583144824,102.91990188709097,0.0,0.0,0.0,0.0,0.0,0.0,0,0.0,0.0,0.0,0,0,0.2438624460118186,0,0,0,159,70.61877285369545
358,Alcorn St.,SWAC,0-0,95.7707406150636,345,115.52448206464067,359,0.10372162238111747,358,7.409824083409788,24.590175916590205,6.624072059364673,11.375927940635327,0-0,0,0,0,0.4259138618394792,0.7125967071234511,0.20293831550750102,0.8189407778236972,0.6288275237172748,0,0,103.33757563211424,106.30475524545852,0.0,0.0,0.0,0.0,0.0,0.0,0,0.0,0.0,0.0,0,0,0.20293831550750102,0,0,0,26,71.48733576995937
359,Coppin St.,MEAC,0-0,94.80081655849418,355,115.09673843085747,356,0.09700609504812634,359,10.498843234424974,21.501156765575026,6.123353702908482,7.876646297091518,0-0,0,0,0,0.3609539953774743,0.526850108454031,0.14765899285047307,0.8575123629553101,0.7646513998029946,0,0,92.71469635941352,97.3429381589037,0.0,0.0,0.0,0.0,0.0,0.0,0,0.0,0.0,0.0,0,0,0.14765899285047307,0,0,0,308,71.86137261988318
360,Arkansas Pine Bluff,SWAC,0-0,92.93954518619614,361,113.5598905922875,344,0.09076060547588971,360,8.83220687974243,22.16779312025757,6.2537986840244635,11.746201315975538,0-0,0,0,0,0.3637091441691137,0.5871283050765186,0.20235086129154345,0.8500351659037322,0.6904637166828033,0,0,96.14970773721471,100.66914088105098,0.0,0.0,0.0,0.0,0.0,0.0,0,0.0,0.0,0.0,0,0,0.20235086129154345,0,0,0,237,72.5292170440982
361,Morgan St.,MEAC,0-0,95.00623678799113,353,116.18702951611368,362,0.0899312401284699,361,9.902202537497601,18.0977974625024,5.8395862881149565,8.160413711885043,0-0,0,0,0,0.27249987712393736,0.39630808324447375,0.14869167100340097,0.9039401552239565,0.8311315941392603,0,0,93.09697734876106,102.03725426418835,0.0,0.0,0.0,0.0,0.0,0.0,0,0.0,0.0,0.0,0,0,0.14869167100340097,0,0,0,261,73.57611914425105
362,Rider,Metro,0-0,94.62336903594237,356,116.74165107894663,364,0.08198499939753777,362,6.811192127709812,24.18880787229019,4.326109390190533,15.67389060980947,0-0,0,0,0,0.3530214925476563,0.4826139404271251,0.2817456462139485,0.8736280726323761,0.7323507038128297,0,0,99.76840355246911,104.70798888392461,0.0,0.0,0.0,0.0,0.0,0.0,0,0.0,0.0,0.0,0,0,0.2817456462139485,0,0,0,23,69.2835637173585
363,West Florida,ASun,0-0,91.235418694234,363,114.56024159926992,350,0.06798494292255643,363,7.3947068371646045,24.605293162835398,2.431494774028975,11.568505225971027,0-0,0,0,0,0.31403946291038265,0.3269572404824654,0.29743089174627624,0.9297698603019604,0.9159773725452455,0,0,93.88888503191131,99.6153008684833,0.0,0.0,0.0,0.0,0.0,0.0,0,0.0,0.0,0.0,0,0,0.29743089174627624,0,0,0,311,73.1023906420783
364,Mississippi Valley St.,SWAC,0-0,89.14135405244016,364,114.57888836581449,351,0.052801833663753725,364,4.263506427490394,27.7364935725096,4.15370639537466,13.84629360462534,0-0,0,0,0,0.49043287477882924,0.855256496200789,0.2066811692284162,0.751004084382679,0.4763119450592915,0,0,106.04199312176152,105.50567322499498,0.0,0.0,0.0,0.0,0.0,0.0,0,0.0,0.0,0.0,0,0,0.2066811692284162,0,0,0,92,71.10352018591877
365,Maryland Eastern Shore,MEAC,0-0,87.73275598297377,365,113.26446947630484,339,0.05033315599366488,365,7.633729152033615,24.36627084796639,3.8393563653528617,10.160643634647139,0-0,0,0,0,0.33639419869083803,0.47786602063567873,0.15450185619032872,0.8853622264706166,0.8149367499276065,0,0,92.60000515917093,98.21214641592802,0.0,0.0,0.0,0.0,0.0,0.0,0,0.0,0.0,0.0,0,0,0.15450185619032872,0,0,0,122,70.087602719169
